"MesZL","إ L/HA","aBZL","HethZL","Sign Name","Unicode Glyph","Unicode Name","Comments "
4,"002a",2,"آ ","Eإ 6 (Aإ .Aإ .Aإ )","U+12401 ً’گپ","NUMERIC SIGN THREE ASH","""3"" "
8,11,13,"آ ","BأڑR","U+12054 ً’پ”","BUR2","آ  "
11,14,"آ ","آ ","Aإ +SUR","U+12038 ً’€¸ & U+122E9 ً’‹©","ASH & SUR","ligature "
13,4,11,"آ ","ZADIM (MUG-gunأ»)","U+1222F ً’ˆ¯","MUG GUNU",
19,51,17,"آ ","أپRAD (ARADأ—KUR)","U+12035 ً’€µ","ARAD TIMES KUR","reconstruction "
,,"آ ","آ ","ITI (UD-إ،eإ،إ،ig)","U+1231A ً’Œڑ","UD SHESHIG","آ  "
21,"052xv","آ ","آ ","أچTI (ITIأ—BAD)","U+1231B ً’Œ›","UD SHESHIG TIMES BAD","آ  "
22,53,4,"آ ","إ UBUR","U+122DA ً’‹ڑ","SHUBUR","Subartu, which is a region of upper Mesopotamia in the Bronze Age, which later came to be called Assyria.آ  "
25,"015x","آ ","آ ","KAأ—GأچR","U+12168 ً’…¨","KA TIMES GIR2","uncertain "
27,"15xx","آ ","آ ","KAأ—TU","آ ","آ ","variant of n72 URUأ—TU "
28,"016a","آ ","آ ","KAأ—RU","U+1217D ً’…½","KA TIMES RU","آ  "
29,17,314,"آ ","Uإ 11 (KAأ—BAD)","U+1215C ً’…œ","KA TIMES BAD","آ  "
33,19,321,"آ ","Pأ™ (KAأ—KأپR)","U+12164 ً’…¤","KA TIMES GAN2 TENU","آ  "
34,20,"آ ","آ ","KAأ— AD.KUG","U+1215A ً’…ڑ","KA TIMES AD PLUS KU3","آ  "
35,"022x",313,"آ ","KAأ—NE","U+1217A ً’…؛","KA TIMES NE","آ  "
37,23,"آ ","آ ","KAأ—KIB","U+1216A ً’…ھ","KA TIMES GISH CROSSING GISH","آ  "
39,"022xn2","آ ","آ ","KAأ—Uإ ","U+1218B ً’†‹","KA TIMES USH","آ  "
42,24,319,"آ ","KAأ—إ ID","U+12182 ً’†‚","KA TIMES SHID","آ  "
43,"024x","آ ","آ ","KAأ—أڑ","U+12188 ً’†ˆ","KA TIMES U2","آ  "
44,25,318,"آ ","KAxGA","U+12162 ً’…¢","KA TIMES GA","آ  "
45,21,324,"آ ","KAأ—SAR","U+1217F ً’…؟","KA TIMES SAR","آ  "
46,"025n","آ ","آ ","KAأ—أپإ ","U+1215B ً’…›","KA TIMES ASH2","آ  "
47,"025b",317,"آ ","KAأ—DأڑB/BALAG","U+1215D ً’…‌","KA TIMES BALAG","آ  "
48,"025c","آ ","آ ","KAأ—إ A","U+12180 ً’†€","KA TIMES SHA","آ  "
49,26,320,"آ ","إ أ™DU (KAأ—إ U)","U+12183 ً’†ƒ","KA TIMES SHU","آ  "
52,"028n","آ ","آ ","KAأ—PI","U+1217C ً’…¼","KA TIMES PI","آ  "
53,"029x","آ ","آ ","KAأ—ERIM","U+12160 ً’… ","KA TIMES ERIN2","variant of n129 AGأ—ERIM "
55,"030n","آ ","آ ","KAأ—ل¸ھAR","آ ","آ ","آ  "
57,31,"آ ","آ ","KAأ—MI","U+12178 ً’…¸","KA TIMES MI","آ  "
58,"031xx","آ ","آ ","KAأ—""Eإ ""","آ ","آ ","variant of n32 KAأ—SA "
59,"031n2","آ ","آ ","KAأ—IGI","U+1216D ً’…­","KA TIMES IGI","variant of n79 URUأ—IGI "
60,"031x","آ ","آ ","KAأ—KI","U+12170 ً’…°","KA TIMES KI","آ  "
,"032n1","آ ","آ ","KAأ— ME.GI","U+12176 ً’…¶","KA TIMES ME PLUS GI","آ  "
,"032n2","آ ","آ ","KAأ— ME.DU","U+12175 ً’…µ","KA TIMES ME PLUS DU","آ  "
,"032n3","آ ","آ ","KAأ— ME.TE","U+12177 ً’…·","KA TIMES ME PLUS TE","آ  "
62,33,327,"آ ","KAأ—إ أˆ","U+12161 ً’…،","KA TIMES ESH2","آ  "
63,"033n","آ ","آ ","KAأ—GUR7","U+1216C ً’…¬","KA TIMES GUR7","آ  "
66,"036a","آ ","آ ","KAأ— KADRA(NأچG.إ أ€.A)","U+12166 ً’…¦","KA TIMES GAR PLUS SHA3 PLUS A","آ  "
68,"035n","آ ","آ ","KAأ—SIG","U+12184 ً’†„","KA TIMES SIG","آ  "
69,34,"آ ","آ ","KAأ—GU","U+1216B ً’…«","KA TIMES GU","آ  "
72,39,188,"آ ","URUأ—TU","U+1234B ً’چ‹","URU TIMES TU","variant of n27 "
74,"043v",187,"آ ","URUأ—KأپR","U+1233E ً’Œ¾","URU TIMES GAN2 TENU","آ  "
76,42,183,"آ ","إ أ€KIR (URUأ—GA)","U+1233C ً’Œ¼","URU TIMES GA","آ  "
77,43,"آ ","آ ","أڑRU (URUأ—UD)","U+1234D ً’چچ","URU TIMES UD","آ  "
78,45,"آ ","آ ","URUأ—UL","U+1234C ً’چŒ","URU TIMES U PLUS GUD","آ  "
79,44,184,"آ ","ASARI (URUأ—IGI)","U+12342 ً’چ‚","URU TIMES IGI","آ  "
80,"49x",189,"آ ","GIإ GAL (URUأ—MIN)","U+12347 ً’چ‡","URU TIMES MIN","آ  "
81,"46xxx","آ ","آ ","URUأ—A","U+12338 ً’Œ¸","URU TIMES A","آ  "
82,47,190,"آ ","URUأ—ل¸ھA","U+12341 ً’چپ","URU TIMES HA","آ  "
83,49,191,"آ ","أˆRIM (URUأ—NأچG)","U+1233F ً’Œ؟","URU TIMES GAR","آ  "
84,46,185,"آ ","URUأ—GU (GUR5)","U+12340 ً’چ€","URU TIMES GU","آ  "
87,58,375,"آ ","KU4","U+121AD ً’†­","KU4","آ  "
,"060a","آ ","آ ","UTUKI (KأڑR.IR.GأچDIM)","U+12359 ً’چ™","UTUKI","belongs to n585 "
95,"060+212","آ ","آ ","PAB.Iإ  (PA6)","U+1227D ً’‰½ & U+12156 ً’…–","PAP & ISH","آ  "
96,"060+308","آ ","آ ","PAB.E (PA5)","U+1227D ً’‰½ & U+1208A ً’‚ٹ","PAP & E","آ  "
,"308n2","آ ","آ ","ExPAB","U+1208B ً’‚‹","E TIMES PAP","reconstruction "
97,"060x",268,"آ ","Gأ€M (PAB.Nأپ)","U+1219B ً’†›","KAM4","آ  "
100,65,"آ ","آ ","إ Eإ LAM","U+122C2 ً’‹‚","SHESHLAM","آ  "
101,66,"آ ","آ ","ZIoverZI","U+12364 ً’چ¤","ZI OVER ZI","آ  "
102,"066c",149,"آ ","NأڑMUN (ZIoverZI.LAGAB)","U+12364 ً’چ¤ & U+121B8 ً’†¸","ZI OVER ZI & LAGAB","آ  "
103,"066b",150,"آ ","ZIoverZI.إ أˆ","U+12364 ً’چ¤ & U+120A0 ً’‚ ","ZI OVER ZI & ESH2","آ  "
104,"066a",151,"آ ","ZIoverZI.A","U+12364 ً’چ¤ & U+12000 ً’€€","ZI OVER ZI & A","آ  "
107,"063d","آ ","آ ","NUNcrossingNUN","U+1226B ً’‰«","NUN CROSSING NUN","آ  "
108,"063a","آ ","آ ","KأپD","U+12190 ً’†گ","KAD2","آ  "
116,"071n",464,"آ ","إ IR-tenأ»","U+122D4 ً’‹”","SHIR TENU","آ  "
,"072a","آ ","آ ","NUMUN-gunأ»","U+121B1 ً’†±","KUL GUNU","آ  "
,"073av","آ ","آ ","TI-tenأ»","U+122FE ً’‹¾","TI TENU","آ  "
,"465+166 +350+480","آ ","آ ","DIN.KASKAL.SIG7","U+12078 ً’پ¸","CUNEIFORM SIGN DIN KASKAL U GUNU DISH","آ  "
123,"074_182","آ ","آ ","KأڑNGA (BAR.AN)","U+12047 ً’پ‡ & U+1202D ً’€­","BAR & AN","آ  "
125,"074_335","آ ","آ ","GأچDIM (MAإ .U)","U+12226 ً’ˆ¦ & U+1230B ً’Œ‹","MASH & U","آ  "
126,"074+471","آ ","آ ","MAإ .MAN","U+12226 ً’ˆ¦ & U+12399 ً’ژ™","MASH & U U","آ  "
128,"097a","آ ","آ ","AGأ—إ أچTA","U+1201F ً’€ں","AK TIMES SHITA PLUS GISH","آ  "
138,82,36,"آ ","SA4 (ل¸ھU.Nأپ)","U+12137 ً’„· & U+1223F ً’ˆ؟","HU & NA2","آ  "
144,87,241,"آ ","NUN-tenأ»","U+12269 ً’‰©","NUN TENU","آ  "
,"063_27n","آ ","آ ","NUNcrossingNUN. LAGARoverLAGAR","U+1226C ً’‰¬","NUN CROSSING NUN LAGAR OVER LAGAR","to n147 also "
146,"087aa","آ ","آ ","IMMAL (NUN. LAGARأ—BAR/MAإ )","U+12265 ً’‰¥","NUN LAGAR TIMES MASH","آ  "
"146'","087aan","آ ","آ ","Tأ™Rأ—Uإ ","U+12265 ً’‰¥","NUN LAGAR TIMES USH","آ  "
"146""","087cn","آ ","آ ","Tأ™Rأ—NأچG","U+12264 ً’‰¤","NUN LAGAR TIMES GAR","آ  "
147,"087b; 460x",49,"آ ","إ ILAM (NUN. LAGARأ—MUNUS)","U+12266 ً’‰¦","NUN LAGAR TIMES SAL","آ  "
,"087c","آ ","آ ","إ ILAMoverإ ILAM","U+12267 ً’‰§","NUN LAGAR TIMES SAL OVER NUN LAGAR TIMES SAL","آ  "
152,102,45,"آ ","Mأڑإ  (Mأ™إ -gunأ»)","U+1223D ً’ˆ½","MUSH3 GUNU","آ  "
155,"103b","آ ","آ ","SED (Mأ™إ أ— A.DI)","U+1223B ً’ˆ»","MUSH3 TIMES A PLUS DI","آ  "
156,"103cv","آ ","آ ","Mأ™إ أ—ZA","آ ","آ ","آ  "
158,92,"آ ","آ ","GAD.KأچD","U+120F0 ً’ƒ° & U+122FA ً’‹؛","GAD & TAK4","آ  "
159,"092a",300,"آ ","AKKIL (GAD.KأچD.SI)","U+120F0 ً’ƒ° & U+122FA ً’‹؛ & U+122DB ً’‹›","GAD & TAK4 & SI","آ  "
161,"092c","آ ","آ ","SIG8 (GAD.KأچD.GIإ )","U+120F0 ً’ƒ° & U+122FA ً’‹؛ & U+12111 ً’„‘","GAD & TAK4 & GISH","آ  "
163,91,336,"آ ","KINDA (GAD.NأچGoverGAD.NأچG)","U+120F1 ً’ƒ±","GAD OVER GAD GAR OVER GAR","آ  "
,"099c","آ ","آ ","ENME","U+1209A ً’‚ڑ","EN TIMES ME","آ  "
,"099a1","آ ","آ ","ENoverENcrossed","U+1209B ً’‚›","EN CROSSING EN","آ  "
,"099b1","آ ","آ ","4أ—ENsquared","U+1209D ً’‚‌","EN SQUARED","آ  "
,"099b2","آ ","آ ","""4أ—EN"" (KUoverل¸ھAR.KUoverل¸ھAR)","U+121AB ً’†«","KU OVER HI TIMES ASH2 KU OVER HI TIMES ASH2","آ  "
,"099b3","آ ","آ ","Aإ .KU.KUoverAإ .KU.KU .KأڑR","U+1203B ً’€»","ASH OVER ASH TUG2 OVER TUG2 TUG2 OVER TUG2 PAP","آ  "
,"054v","آ ","آ ","ENأ—KأپR (GأپN-tenأ»)","U+12099 ً’‚™","EN TIMES GAN2 TENU","reconstruction "
169,96,18,"آ ","BULUG","U+12051 ً’پ‘","BULUG","آ  "
,"096a",18,"آ ","Mأ‰NBULUG (BULUGoverBULUG)","U+12051 ً’پ‘","BULUG OVER BULUG","آ  "
,"105n2","آ ","آ ","GأپNoverGأپN","U+120F9 ً’ƒ¹","GAN2 OVER GAN2","to be deleted "
175,105,246,"آ ","KأپR (GأپN-tenأ» and إ أˆ-tenأ»)","U+120F8 ً’ƒ¸","GAN2 TENU","آ  "
177,"107n",90,"آ ","USAN (Gأڑأ—NUN, Gأڑ.NUN)","U+1211B ً’„›","GU2 TIMES NUN","آ  "
182,113,165,"آ ","SU4 (SI-gunأ»)","U+122DC ً’‹œ","SI GUNU","آ  "
,114,"آ ","آ ","DAR (Gأ™N; ل¸ھU-gunأ», SI-gunأ»)","آ ","آ ","variant of n183 "
185,"115n","آ ","آ ","SAGأ—NUN","U+1229E ً’ٹ‍","SAG TIMES NUN","آ  "
186,118,"آ ","آ ","SAGأ—UM","U+122A4 ً’ٹ¤","SAG TIMES UM","آ  "
187,"121_6","آ ","آ ","SAGأ—DU","U+12297 ً’ٹ—","SAG TIMES DU","آ  "
188,116,330,"آ ","SAGأ—GAG","U+1229A ً’ٹڑ","SAG TIMES KAK","آ  "
189,"121_5","آ ","آ ","SAGأ—NI","آ ","آ ","uncertain "
190,"116n","آ ","آ ","SAGأ—Uإ ","U+122A6 ً’ٹ¦","SAG TIMES USH","آ  "
191,117,310,"آ ","DأŒLIB (SAGأ—إ ID)","U+122A0 ً’ٹ ","SAG TIMES SHID","آ  "
192,"121_8","آ ","آ ","SAGأ—أڑ","U+122A2 ً’ٹ¢","SAG TIMES U2","آ  "
193,"121_7","آ ","آ ","SAGأ—UB","U+122A3 ً’ٹ£","SAG TIMES UB","آ  "
194,"121_10","آ ","آ ","SAGأ—SIG7","آ ","آ ","آ  "
195,119,"آ ","آ ","Kأ€N (SAGأ—MI)","U+1229D ً’ٹ‌","SAG TIMES MI","آ  "
196,121,"آ ","آ ","SAGأ—UR","U+122A5 ً’ٹ¥","SAG TIMES UR","آ  "
197,"121n","آ ","آ ","SAGأ—A","U+12296 ً’ٹ–","SAG TIMES A","آ  "
198,"121_1","آ ","آ ","SAGأ—ل¸ھA","U+12299 ً’ٹ™","SAG TIMES HA","آ  "
199,120,"آ ","آ ","SAGأ—MUNUS","U+1229F ً’ٹں","SAG TIMES SAL","آ  "
200,"120n","آ ","آ ","SAGأ—LUM","U+1229C ً’ٹœ","SAG TIMES LUM","آ  "
202,"122a",51,"آ ","DIMGUL (""Mأپ.MUG"")","U+12223 ً’ˆ£ & U+1222E ً’ˆ®","MA2 & MUG","آ  "
204,"122c","آ ","آ ","أ™Z.KASKAL","U+1235B ً’چ›","UZ3 TIMES KASKAL","آ  "
205,"122d",55,"آ ","SUR9 (Mأپ.KASKAL.SIG7 and similar)","U+122EA ً’‹ھ","SUR9","آ  "
206,"122dv","آ ","آ ","SUR10 (Mأپ.SIG7 and similar)","آ ","آ ","آ  "
208,"123n","آ ","آ ","""nأ¬q""","آ ","آ ","see MesZL n208 "
210,"124a","آ ","آ ","Eإ 21 (TAB.Aإ )","U+1243B ً’گ»","NUMERIC SIGN THREE VARIANT FORM ESH21","""3"" "
211,"125n","آ ","آ ","MEGIDDA (TAB.TI)","U+122F0 ً’‹° & U+122FE ً’‹¾","TAB & TI","آ  "
213,"210a","آ ","آ ","GEإ TINأ—KUR","U+120FF ً’ƒ؟","GESHTIN TIMES KUR","آ  "
214,"125v","آ ","آ ","Mأ‰GIDDA (TAB.KUN)","U+122F0 ً’‹° & U+121B2 ً’†²","TAB & KUN","آ  "
216,"125b","آ ","آ ","IA7 (TAB.TAB.Aإ )","U+12403 ً’گƒ","NUMERIC SIGN FIVE ASH","""5"" "
217,"125c","آ ","آ ","Aإ 4 (TAB.TAB.TAB)","U+12404 ً’گ„","NUMERIC SIGN SIX ASH","""6"" "
218,"125d","آ ","آ ","أچMIN (TAB.TAB.TAB.Aإ )","U+12405 ً’گ…","NUMERIC SIGN SEVEN ASH","""7"" "
219,"125e","آ ","آ ","أڑSSU (TAB.TAB.TAB.TAB)","U+12406 ً’گ†","NUMERIC SIGN EIGHT ASH","""8"" "
220,"125f","آ ","آ ","أچLIMMU (TAB.TAB.TAB.TAB.Aإ )","U+12407 ً’گ‡","NUMERIC SIGN NINE ASH","""9"" "
224,"128xv","آ ","آ ","ABأ—NUN","آ ","آ ","آ  "
225,198,"آ ","آ ","ABأ—KأپR","U+1200E ً’€ژ","AB TIMES GAN2 TENU","آ  "
226,"200c","آ ","آ ","ABأ—إ Eإ ","U+12013 ً’€“","AB TIMES SHESH","آ  "
227,"200an",127,"آ ","ABأ—أپإ ","U+1200B ً’€‹","AB TIMES ASH2","reconstruction "
228,194,128,"آ ","URUGAL (ABأ—GAL)","U+1200D ً’€چ","AB TIMES GAL","آ  "
229,196,"آ ","آ ","ABأ—SIG7","U+12010 ً’€گ","AB TIMES IGI GUNU","آ  "
231,"128xxxx","آ ","آ ","ABأ—U","آ ","آ ","آ  "
,"200bn","آ ","آ ","ABأ—Aإ ","آ ","آ ","آ  "
233,197,"آ ","آ ","ABأ—KI","آ ","آ ","آ  "
234,"198a","آ ","آ ","ABأ—LAGAB","U+12012 ً’€’","AB TIMES LAGAB","آ  "
235,199,"آ ","آ ","ABأ—GأچN","U+1200C ً’€Œ","AB TIMES DUN3 GUNU","آ  "
236,"200v",131,"آ ","NINA (ABأ—ل¸ھA)","U+1200F ً’€ڈ","AB TIMES HA","آ  "
237,"200d","آ ","آ ","ABأ—IMIN","U+12011 ً’€‘","AB TIMES IMIN","آ  "
240,316,"آ ","آ ","UMأ— U.LAGAB","آ ","آ ","آ  "
,"132n2","آ ","آ ","URUDUأ— U.LAGAB","آ ","آ ","old "
241,137,"آ ","آ ","UMأ— ME.DA","U+1231F ً’Œں","UM TIMES ME PLUS DA","آ  "
243,"138a","آ ","آ ","DUBأ—إ E","آ ","آ ","آ  "
244,135,"آ ","آ ","DUBأ—إ أ€","آ ","آ ","U+12320 ً’Œ  UM TIMES SHA3 to be deleted "
245,"136; 316v1","آ ","آ ","DUBأ—LAGAB","آ ","آ ","U+1231E ً’Œ‍ UM TIMES LAGAB to be deleted "
249,"141a","آ ","آ ","TA-gunأ»","U+122EF ً’‹¯","TA GUNU","آ  "
250,141,"آ ","آ ","TAأ—ل¸ھI","U+122ED ً’‹­","TA TIMES HI","آ  "
251,140,"آ ","آ ","TAأ—MI","U+122EE ً’‹®","TA TIMES MI","آ  "
254,143,"آ ","آ ","KأپM","آ ","آ ","آ  "
256,"144n","آ ","آ ","TUR.DIإ ","U+12309 ً’Œ‰ & U+12079 ً’پ¹","TUR & DISH","آ  "
257,"144f","آ ","آ ","ZIZNA (TURoverTUR.ZAoverZA)","U+1230A ً’Œٹ","TUR OVER TUR ZA OVER ZA","آ  "
262,149,"221b","آ ","RAB","U+12290 ً’ٹگ","RAB","in old texts = n266 LUGAL "
263,"150v1","آ ","آ ","DIM8 (RAB.GAN)","U+12290 ً’ٹگ & U+120F6 ً’ƒ¶","RAB & GAN","آ  "
265,"150v3","آ ","آ ","DIM10 (RAB.KAM*)","آ ","آ ","to n264 "
,"151vn","آ ","آ ","LUGALoverLUGAL","U+12218 ً’ˆک","LUGAL OVER LUGAL","آ  "
267,"150v2","آ ","آ ","DIM9 (LUGAL.GAN)","U+12217 ً’ˆ— & U+120F6 ً’ƒ¶","LUGAL & GAN","to n264 "
268,"151v","آ ","آ ","LUGAL.LUGALinversum","U+12219 ً’ˆ™","LUGAL OPPOSING LUGAL","to n266 "
269,"150v4","آ ","آ ","DIM11 (LUGAL.KAM*)","آ ","آ ","to n264 "
272,"152_8b","آ ","آ ","Bأ€D (UG5 (EZENأ—AN))","U+120A1 ً’‚،","EZEN TIMES AN","old form of n275 EZENأ—BAD "
273,153,"آ ","آ ","EZENأ—LI","U+120B1 ً’‚±","EZEN TIMES LI","آ  "
274,"152_9",154,"آ ","EZENأ—LA","U+120AF ً’‚¯","EZEN TIMES LA","آ  "
276,"153_1","آ ","آ ","EZENأ—SI","آ ","آ ","uncertain "
277,"152_4",157,"آ ","UBARA (EZENأ—KASKAL)","U+120AC ً’‚¬","EZEN TIMES KASKAL","آ  "
,"152_4v","آ ","آ ","4أ—UBARA forming a cross","U+120AD ً’‚­","EZEN TIMES KASKAL SQUARED","آ  "
278,154,"آ ","آ ","EZENأ—GU4","آ ","آ ","آ  "
279,"154_1n","آ ","آ ","EZENأ—أڑ","U+120B3 ً’‚³","EZEN TIMES U2","آ  "
280,"154a","آ ","آ ","EZENأ—MIR","آ ","آ ","U+120A8 ً’‚¨ EZEN TIMES DUN3 GUNU GUNU pertinent? "
281,155,"آ ","آ ","EZENأ—SIG7","U+120AB ً’‚«","EZEN TIMES IGI GUNU","آ  "
283,"152_14","آ ","آ ","EZENأ—UD","U+120B4 ً’‚´","EZEN TIMES UD","آ  "
284,"152_16",156,"آ ","EZENأ—KUG","U+120AE ً’‚®","EZEN TIMES KU3","آ  "
285,156,158,"آ ","ASILAL (EZENأ—LأپL)","U+120B0 ً’‚°","EZEN TIMES LAL TIMES LAL","آ  "
286,157,"آ ","آ ","EZENأ—LU","U+120B2 ً’‚²","EZEN TIMES LU","آ  "
287,162,"آ ","آ ","EZENأ—GأچN","آ ","آ ","U+120A7 ً’‚§ EZEN TIMES DUN3 GUNU pertinent? "
288,158,159,"آ ","أ€SILAL (EZENأ—A)","U+120A2 ً’‚¢","EZEN TIMES A","آ  "
289,159,"آ ","آ ","SIL7 (EZENأ— A.LAL)","U+120A3 ً’‚£","EZEN TIMES A PLUS LAL","آ  "
290,160,"آ ","آ ","ASILAL4 (EZENأ— A.LأپL)","U+120A4 ً’‚¤","EZEN TIMES A PLUS LAL TIMES LAL","آ  "
291,161,"آ ","آ ","EZENxل¸ھA","U+120A9 ً’‚©","EZEN TIMES HA","آ  "
,"165v","آ ","آ ","AN.NAGA.AN.NAGAinversum","U+12030 ً’€°","AN PLUS NAGA OPPOSING AN PLUS NAGA","آ  "
,"165a","آ ","آ ","4أ—AN.NAGA forming a cross","U+12031 ً’€±","AN PLUS NAGA SQUARED","آ  "
,"165n1","آ ","آ ","NAGAinversum","U+12241 ً’‰پ","NAGA INVERTED","آ  "
,"165+165n1","آ ","آ ","NAGA. NAGAinversum","U+12243 ً’‰ƒ","NAGA OPPOSING NAGA","آ  "
294,"165b","آ ","آ ","NAGAأ—إ U-tenأ»","U+12242 ً’‰‚","NAGA TIMES SHU TENU","آ  "
299,"167a","آ ","آ ","GAB.LIإ ","آ ","آ ","see 839 "
303,"166a","آ ","آ ","أŒTI (KASKAL.ITI)","U+1219C ً’†œ & U+1231A ً’Œڑ","KASKAL & UD TIMES U PLUS U PLUS U","آ  "
304,"166b",273,"آ ","ILLAT (KASKAL.KUR)","U+1219C ً’†œ & U+121B3 ً’†³","KASKAL & KUR","آ  "
305,"166+371",271,"آ ","KASKAL.BU","U+1219C ً’†œ & U+1204D ً’پچ","KASKAL & BU","آ  "
306,"166+398","آ ","آ ","KASKAL.Aل¸ھ","U+1219C ً’†œ & U+12134 ً’„´","KASKAL & HI TIMES NUN","آ  "
307,"166e","آ ","آ ","KASKAL.LAGAB","U+1219C ً’†œ & U+121B8 ً’†¸","KASKAL & LAGAB","آ  "
,"166ee","آ ","آ ","KASKAL.TأڑLoverTأڑL","U+1219D ً’†‌","KASKAL LAGAB TIMES U OVER LAGAB TIMES U","آ  "
,"166een","آ ","آ ","KASKALoverKASKAL.TأڑLoverTأڑL","U+1219E ً’†‍","KASKAL OVER KASKAL LAGAB TIMES U OVER LAGAB TIMES U","آ  "
308,"166f","آ ","آ ","ZIKURA (KASKAL.أ€إ )","U+1219C ً’†œ & U+1240B ً’گ‹","KASKAL & NUMERIC SIGN SIX DISH","آ  "
314,174,"آ ","آ ","أ‰MEإ  (NEأ—UD)","U+1224A ً’‰ٹ","NE TIMES UD","آ  "
315,175,"آ ","آ ","ENTEN (NEأ—A)","U+12249 ً’‰‰","NE TIMES A","آ  "
317,177,"آ ","آ ","NأچNDAأ—Aإ ","U+12254 ً’‰”","NINDA2 TIMES ASH","آ  "
318,"177n","آ ","آ ","NأچNDAأ— Aإ .Aإ ","U+12255 ً’‰•","NINDA2 TIMES ASH PLUS ASH","آ  "
319,178,"آ ","آ ","NأچNDAأ—BAL","آ ","آ ","آ  "
321,179,"آ ","آ ","NأچNDAأ—BأپN","آ ","آ ","آ  "
322,180,"آ ","آ ","NأچNDAأ—GI","آ ","آ ","آ  "
323,182,"آ ","آ ","SUMAإ ","U+122E8 ً’‹¨","SUMASH","آ  "
,"181n","آ ","آ ","AZUأ—A","U+1236C ً’چ¬","ZU5 TIMES A","reconstruction; cf. O.B.O. 160/I 282 "
325,"182n","آ ","آ ","NأچNDAأ—DUB?","آ ","آ ","آ  "
327,184,"آ ","آ ","NأچNDAأ—GU4","U+12256 ً’‰–","NINDA2 TIMES GUD","آ  "
328,186,"آ ","آ ","NأچNDAأ—إ ID?","آ ","آ ","آ  "
329,"184a","آ ","آ ","NأچNDAأ—أڑ","آ ","آ ","uncertain "
330,185,"آ ","آ ","NأچNDAأ— أڑ.Aإ ","U+1225E ً’‰‍","NINDA2 TIMES U2 PLUS ASH","آ  "
331,"186a","آ ","آ ","NأچNDAأ— إ E.Aإ ","U+1225C ً’‰œ","NINDA2 TIMES SHE PLUS ASH","آ  "
332,"186b","آ ","آ ","NأچNDAأ— إ E.Aإ .Aإ ","U+1225D ً’‰‌","NINDA2 TIMES SHE PLUS ASH PLUS ASH","آ  "
,"187v5","آ ","آ ","NأچNDAأ—إ E","U+1225A ً’‰ڑ","NINDA2 TIMES SHE","آ  "
,"187v1","آ ","آ ","NأچNDAأ— إ E.A .AN","U+1225B ً’‰›","NINDA2 TIMES SHE PLUS A AN","آ  "
334,188,"آ ","آ ","NأچNDAأ—U","آ ","آ ","آ  "
335,189,"آ ","آ ","NأچNDAأ—MAN","آ ","آ ","آ  "
336,190,140,"آ ","ZIG/ZIK (NأچNDAأ—Eإ )","U+12368 ً’چ¨","ZIG","آ  "
337,"190a","آ ","آ ","NأچNDAأ— ME.KأچD","آ ","آ ","آ  "
,"190an4","آ ","آ ","NأچNDAأ— ME.KأپR","U+12257 ً’‰—","NINDA2 TIMES ME PLUS GAN2 TENU","reconstruction "
342,"204v",73,"آ ","أڑRأ—NUN","U+12330 ً’Œ°","UR2 TIMES NUN","آ  "
343,"204n","آ ","آ ","أڑRأ—AL","U+1232E ً’Œ®","UR2 TIMES AL","آ  "
344,"204a",74,"آ ","أڑRأ—أڑ","U+12331 ً’Œ±","UR2 TIMES U2","آ  "
345,"204b","آ ","آ ","أڑRأ— أڑ.Aإ ","U+12332 ً’Œ²","UR2 TIMES U2 PLUS ASH","آ  "
346,"204c","آ ","آ ","أڑRأ— A.ل¸ھA","U+1232C ً’Œ¬","UR2 TIMES A PLUS HA","آ  "
347,"204d","آ ","آ ","أڑRأ—ل¸ھA","U+1232F ً’Œ¯","UR2 TIMES HA","آ  "
349,"205a","آ ","آ ","ILأ—KأپR","U+1214C ً’…Œ","IL TIMES GAN2 TENU","uncertain reconstruction "
,"206a","آ ","آ ","LAل¸ھ4 (DUoverDU)","U+1207B ً’پ»","DU OVER DU","آ  "
351,201,65,"آ ","SUل¸ھUإ  (DU-gunأ»)","U+1207C ً’پ¼","DU GUNU","آ  "
355,"207a","آ ","آ ","TUM-gunأ»/TUMأ—KأپR","آ ","آ ","آ  "
359,214,"آ ","آ ","Eإ EMIN5 (""BI"")","U+12459 ً’‘™","NUMERIC SIGN TWO ESHE3","آ  "
360,"214a","آ ","آ ","BIأ—SIG7","U+1204C ً’پŒ","BI TIMES IGI GUNU","reconstruction "
361,"214c","آ ","آ ","BIأ—GAR","U+1204B ً’پ‹","BI TIMES GAR","reconstruction "
363,217,"آ ","آ ","إ IMأ—BAL","U+122C8 ً’‹ˆ","SHIM TIMES BAL","آ  "
364,"217n","آ ","آ ","إ IMأ—BأڑR","آ ","آ ","uncertain "
365,216,"آ ","آ ","إ IMأ—MUG","U+122D0 ً’‹گ","SHIM TIMES MUG","آ  "
366,221,"آ ","آ ","إ IMأ—DIN","U+122CA ً’‹ٹ","SHIM TIMES DIN","آ  "
367,218,"آ ","آ ","إ IMأ—BULUG","U+122C9 ً’‹‰","SHIM TIMES BULUG","آ  "
368,"219x","آ ","آ ","إ IMأ—SIG7","U+122CD ً’‹چ","SHIM TIMES IGI GUNU","آ  "
369,219,"آ ","آ ","إ IMأ—LUL","U+122CF ً’‹ڈ","SHIM TIMES LUL","آ  "
370,"219xx","آ ","آ ","إ IMأ—PI","آ ","آ ","reconstruction "
371,220,"آ ","آ ","إ IMأ—IGI","U+122CC ً’‹Œ","SHIM TIMES IGI","آ  "
372,224,"آ ","آ ","إ IMأ—A (DUMGAL)","U+122C7 ً’‹‡","SHIM TIMES A","آ  "
374,222,"آ ","آ ","إ IMأ—MUNUS (إ IMأ—SAL)","U+122D1 ً’‹‘","SHIM TIMES SAL","آ  "
375,223,"آ ","آ ","إ IMأ—Kأڑإ U","U+122CE ً’‹ژ","SHIM TIMES KUSHU2","آ  "
376,226,81,"آ ","GISAL (BI.GIإ )","U+12110 ً’„گ","GISAL","آ  "
377,227,"آ ","آ ","BأپNإ UR","U+12143 ً’…ƒ","IDIM OVER IDIM BUR","آ  "
382,"211n",69,"آ ","Uإ أ—KأچD","U+12355 ً’چ•","USH TIMES TAK4","آ  "
383,"211n2","آ ","آ ","Uإ أ—KU","U+12353 ً’چ“","USH TIMES KU","آ  "
384,"211b",71,"آ ","Kأ€إ  (Uإ أ—A)","U+12352 ً’چ’","USH TIMES A","آ  "
386,"229n","آ ","آ ","Dأ€G (""NA4"")","U+1224C ً’‰Œ & U+1209F ً’‚ں","NI & ERIM","آ  "
388,"233_22",270,"آ ","إ ITA (""Gأپ"")","U+122D6 ً’‹–","SHITA","آ  "
389,234,"آ ","آ ","Gأپأ—Aإ ","U+120BD ً’‚½","Gأپأ—Aإ ","آ  "
390,235,"آ ","آ ","Gأپأ— ل¸ھAL.LA","U+120D3 ً’ƒ“","GA2 TIMES HAL PLUS LA","آ  "
391,236,"آ ","آ ","Gأپأ— GأچR.SU","U+120D0 ً’ƒگ","GA2 TIMES GIR2 PLUS SU","آ  "
393,238,"آ ","آ ","Gأپأ— AN.GAG.A","آ ","آ ","آ  "
394,241,69,"آ ","Gأپأ—KأچD","U+120E9 ً’ƒ©","GA2 TIMES TAK4","آ  "
395,242,"آ ","آ ","Gأپأ—BAD","U+120BF ً’‚؟","GA2 TIMES BAD","آ  "
396,243,"آ ","آ ","Gأپأ—GI","U+120CD ً’ƒچ","GA2 TIMES GI","آ  "
397,"244v",96,"آ ","GANUN (Gأپأ—NUN)","U+120E0 ً’ƒ ","GA2 TIMES NUN","آ  "
398,245,"آ ","آ ","Gأپأ—KAB","U+120D5 ً’ƒ•","GA2 TIMES HUB2","آ  "
399,247,"آ ","آ ","Gأپأ—EN","U+120C9 ً’ƒ‰","GA2 TIMES EN","آ  "
400,239,"آ ","آ ","Gأپأ—BURU14","U+120CA ً’ƒٹ","GA2 TIMES EN TIMES GAN2 TENU","آ  "
401,246,"آ ","آ ","Gأپأ— MUN(DIMأ—إ E, later DIMأ—KUR)","U+120C5 ً’ƒ…","GA2 TIMES DIM TIMES SHE","آ  "
402,248,98,"آ ","Gأپأ—KأپR","U+120CB ً’ƒ‹","GA2 TIMES GAN2 TENU","آ  "
403,250,"آ ","آ ","Gأپأ—DUB","U+120C6 ً’ƒ†","GA2 TIMES DUB","آ  "
404,"250c","آ ","آ ","Gأپأ—SUM","U+120E8 ً’ƒ¨","GA2 TIMES SUM","آ  "
405,"250d","آ ","آ ","Gأپأ—KASKAL","U+120D9 ً’ƒ™","GA2 TIMES KASKAL","آ  "
406,"250i","آ ","آ ","Gأپأ— Iإ .ل¸ھU.Aإ ","U+120D7 ً’ƒ—","GA2 TIMES ISH PLUS HU PLUS ASH","آ  "
407,251,"آ ","آ ","Gأپأ—GAG","U+120D8 ً’ƒک","GA2 TIMES KAK","آ  "
,257,"آ ","آ ","SILA4 also: Gأپأ—أپإ ","آ ","آ ","transliteration only gazi "
409,"252_1","آ ","آ ","Gأپأ— KID.LAL","U+120DB ً’ƒ›","GA2 TIMES KID PLUS LAL","آ  "
410,"252_2","آ ","آ ","Gأپأ—إ ID","U+120E7 ً’ƒ§","GA2 TIMES SHID","آ  "
412,256,"آ ","آ ","Gأپأ—GI4","U+120CE ً’ƒژ","GA2 TIMES GI4","آ  "
413,"250b","آ ","آ ","Gأپأ—SAR","U+120E4 ً’ƒ¤","GA2 TIMES SAR","آ  "
414,258,"آ ","آ ","Gأپأ— أپإ .GAL","U+120BE ً’‚¾","GA2 TIMES ASH2 PLUS GAL","آ  "
415,259,"آ ","آ ","Gأپأ— BUR.RA","U+120C2 ً’ƒ‚","GA2 TIMES BUR PLUS RA","آ  "
416,"259n","آ ","آ ","Gأپأ—DA","U+120C3 ً’ƒƒ","GA2 TIMES DA","آ  "
417,260,"آ ","آ ","Gأپأ—SIG7","U+120D6 ً’ƒ–","GA2 TIMES IGI GUNU","آ  "
419,"261a","آ ","آ ","Gأپأ— إ E.TUR","U+120E6 ً’ƒ¦","GA2 TIMES SHE PLUS TUR","آ  "
420,262,"آ ","آ ","Gأپأ—UD","U+120EB ً’ƒ«","GA2 TIMES UD","آ  "
421,263,"آ ","آ ","Gأپx ل¸ھI.LI","U+120D4 ً’ƒ”","GA2 TIMES HI PLUS LI","آ  "
422,264,"آ ","آ ","Gأپأ—U","U+120EA ً’ƒھ","GA2 TIMES U","آ  "
423,"264a","آ ","آ ","Gأپأ—أپB","آ ","آ ","uncertain "
425,268,"آ ","آ ","Gأپأ—DI","U+120C4 ً’ƒ„","GA2 TIMES DI","آ  "
426,269,"آ ","آ ","Gأپأ— KUG.AN","U+120DC ً’ƒœ","GA2 TIMES KU3 PLUS AN","آ  "
427,270,102,"آ ","MEN (Gأپأ— ME.EN)","U+120DE ً’ƒ‍","GA2 TIMES ME PLUS EN","آ  "
429,274,"آ ","آ ","Gأپأ— A.IGI","U+120BA ً’‚؛","GA2 TIMES A PLUS IGI","to be deleted "
430,277,"آ ","آ ","Gأپأ— ل¸ھA.LU.إ أˆ","U+120D1 ً’ƒ‘","GA2 TIMES HA PLUS LU PLUS ESH2","آ  "
433,272,"آ ","آ ","Gأپأ— EL.LA","U+120C8 ً’ƒˆ","GA2 TIMES EL PLUS LA","آ  "
434,"233_40; 230x",460,"آ ","إ أچTA (""Gأپ.GIإ "")","U+122D6 ً’‹– & U+12111 ً’„‘","SHITA & GISH","آ  "
436,249,"آ ","آ ","NI+GIإ ","آ ","آ ","ligature أ¬+giإ، "
439,281,"آ ","آ ","DAG.KISIM5","آ ","آ ","uncertain "
440,"281a; 294e; 432_1",172,"آ ","KIإ I8 (DAG.KISIM5أ—GأچR(-gunأ»?))","U+1205E ً’پ‍","DAG KISIM5 TIMES GIR2","آ  "
441,282,"آ ","آ ","DAG.KISIM5أ—LA","U+12064 ً’پ¤","DAG KISIM5 TIMES LA","آ  "
442,"282a","آ ","آ ","DAG.KISIM5أ—MUNU4","U+12069 ً’پ©","DAG KISIM5 TIMES PAP PLUS PAP","آ  "
443,283,"آ ","آ ","DAG.KISIM5أ—KأچD","U+1206B ً’پ«","DAG KISIM5 TIMES TAK4","آ  "
444,284,"آ ","آ ","DAG.KISIM5أ—GI","U+1205D ً’پ‌","DAG KISIM5 TIMES GI","آ  "
445,285,"آ ","آ ","DAG.KISIM5أ—SI","U+1206A ً’پھ","DAG KISIM5 TIMES SI","آ  "
446,286,"آ ","آ ","DAG.KISIM5أ—NE","U+12068 ً’پ¨","DAG KISIM5 TIMES NE","آ  "
447,288,"آ ","آ ","DAG.KISIM5أ—BI","U+1205A ً’پڑ","DAG KISIM5 TIMES BI","آ  "
448,"288a; 294f","آ ","آ ","DAG.KISIM5أ—GAG","U+12063 ً’پ£","DAG KISIM5 TIMES KAK","آ  "
449,287,"آ ","آ ","UTUA (DAG.KISIM5أ—Uإ )","U+1206D ً’پ­","DAG KISIM5 TIMES USH","آ  "
450,"288b","آ ","آ ","أ™BUR (DAG.KISIM5أ—""IR"")","U+12061 ً’پ،","DAG KISIM5 TIMES IR","آ  "
451,"288c","آ ","آ ","UBUR4 (DAG.KISIM5أ— ""IR"".LU)","U+12062 ً’پ¢","DAG KISIM5 TIMES IR PLUS LU","آ  "
453,290,170,"آ ","KIإ I9 (DAG.KISIM5أ— أڑ.GأچR(-gunأ»?))","U+1206C ً’پ¬","DAG KISIM5 TIMES U2 PLUS GIR2","آ  "
456,"294c","آ ","آ ","DAG.KISIM5أ—Dأ‰ or","آ ","آ ","uncertain "
,"294cn","آ ","آ ","DAG.KISIM5أ—MأڑRUآ ?","آ ","آ ","uncertain "
457,292,"آ ","آ ","DAG.KISIM5أ—DأڑB/BALAG","U+12059 ً’پ™","DAG KISIM5 TIMES BALAG","آ  "
458,"288sub","آ ","آ ","DAG.KISIM5أ—AMAR","U+12058 ً’پک","DAG KISIM5 TIMES AMAR","آ  "
459,"292a",173,"آ ","أڑBUR (DAG.KISIM5أ—LU)","U+12065 ً’پ¥","DAG KISIM5 TIMES LU","آ  "
460,293,174,"آ ","AMAإ  (DAG.KISIM5أ— LU.Mأپإ )","U+12066 ً’پ¦","DAG KISIM5 TIMES LU PLUS MASH2","آ  "
462,"294d","آ ","آ ","DAG.KISIM5أ—ل¸ھA","U+12060 ً’پ ","DAG KISIM5 TIMES HA","آ  "
463,"294a","آ ","آ ","DAG.KISIM5أ—LUM","U+12067 ً’پ§","DAG KISIM5 TIMES LUM","آ  "
465,295,143,"آ ","BANMIN (""PA"")","U+12450 ً’‘گ","NUMERIC SIGN TWO BAN2","آ  "
467,"295l","آ ","آ ","NUSKA (PA.TأڑG)","U+1227A ً’‰؛ & U+12306 ً’Œ†","PA & TUG2","آ  "
470,"296_1","آ ","آ ","GIإ -tenأ»","U+12115 ً’„•","GISH TENU","آ  "
471,"296_2","آ ","آ ","GIإ أ—BAD","U+12113 ً’„“","GISH TIMES BAD","آ  "
473,"297a","آ ","آ ","GU4أ—KASKAL","آ ","آ ","reconstruction "
,"299n","آ ","آ ","ALأ—Kأ€D","U+12025 ً’€¥","AL TIMES KAD3 ",
476,300,"آ ","آ ","ALأ—Uإ ","U+12028 ً’€¨","AL TIMES USH","آ  "
477,301,"آ ","آ ","ALأ—GIإ ","U+12023 ً’€£","AL TIMES GISH","آ  "
478,"301n","آ ","آ ","ALأ—AL","U+12021 ً’€،","AL TIMES AL","آ  "
479,304,"آ ","آ ","ALأ—إ E","U+12027 ً’€§","AL TIMES SHE","آ  "
480,302,"آ ","آ ","ALأ—GIM","U+12022 ً’€¢","AL TIMES DIM2","آ  "
481,303,"آ ","آ ","ALأ—KI","U+12026 ً’€¦","AL TIMES KI","آ  "
482,305,"آ ","آ ","ALأ—ل¸ھA","U+12024 ً’€¤","AL TIMES HA","آ  "
,"337xx","آ ","آ ","SAG5","U+12260 ً’‰ ","NISAG","old sign, = n546 "
487,"317a","آ ","آ ","إ IDأ—IM","U+122C5 ً’‹…","SHID TIMES IM","آ  "
488,315,"آ ","آ ","MES/UMأ—ME","آ ","آ ","آ  "
489,317,208,"آ ","أڑMBISAG (إ IDأ—A)","U+122C4 ً’‹„","SHID TIMES A","آ  "
492,"319n",202,"آ ","GA-gunأ»","U+120B6 ً’‚¶","GA GUNU","old sign "
,"322n","آ ","آ ","KALoverKALcrossed","U+12199 ً’†™","KAL CROSSING KAL","آ  "
,"308n","آ ","آ ","EoverE.NUNoverNUN","U+1208C ً’‚Œ","E OVER E NUN OVER NUN","آ  "
500,312,169,"آ ","KALAM","آ ","آ ","U+12326 ً’Œ¦, erroneously UN "
506,"325b","آ ","آ ","LIMMU4","U+1243D ً’گ½","NUMERIC SIGN FOUR VARIANT FORM LIMMU4","""4"" "
508,"326a","آ ","آ ","GIGI (GI4overGI4crossed)","U+12106 ً’„†","GI4 CROSSING GI4","آ  "
,"326v","آ ","آ ","GIGI (GI4overGI4)","U+12105 ً’„…","GI4 OVER GI4","آ  "
509,327,"آ ","آ ","أڑSAN (Gأڑ-gunأ»)","U+1211D ً’„‌","GU2 GUNU","آ  "
510,"327x","آ ","آ ","أڑSAN.GAG","U+1211D ً’„‌ & U+12195 ً’†•","GU2 GUNU & KAK","آ  "
512,329,331,"آ ","Dأ™L (SAG-gunأ»)","U+122A8 ً’ٹ¨","SAG GUNU","آ  "
,"330_60v","آ ","آ ","LأڑoverLأڑcrossed","U+12212 ً’ˆ’","LU2 CROSSING LU2","آ  "
,"330_60",255,"آ ","Lأڑ.Lأڑinversum","U+12213 ً’ˆ“","LU2 OPPOSING LU2","آ  "
,"330_60n2","آ ","آ ","4أ—Lأڑ forming a cross","U+12214 ً’ˆ”","LU2 SQUARED","آ  "
515,"330_0","آ ","آ ","Lأڑ-tenأ»","U+12211 ً’ˆ‘","LU2 TENU","آ  "
"516, 534","330_8n","آ ","آ ","Lأڑ-إ،eإ،إ،ig (""Lأڑ.GAM"")","U+12215 ً’ˆ•","LU2 SHESHIG","آ  "
517,"330_6",256,"آ ","Lأڑأ—BAD","U+121FF ً’‡؟","LU2 TIMES BAD","آ  "
518,"330_9n","آ ","آ ","Lأڑ-إ،eإ،إ،igأ—BAD (""Lأڑأ—BAD .GAM"")","آ ","آ ","reconstruction "
519,"330_0n","آ ","آ ","Lأڑأ—KأپD","U+12205 ً’ˆ…","LU2 TIMES KAD2","آ  "
520,"330_4","آ ","آ ","Lأڑأ—KأچD or","آ ","آ ","آ  "
,"330_4n","آ ","آ ","Lأڑأ—Kأ€Dآ ?","U+12206 ً’ˆ†","LU2 TIMES KAD3","آ  "
521,"330_7",258,"آ ","Lأڑأ— KأپR(GأپN-tenأ»)","U+12202 ً’ˆ‚","LU2 TIMES GAN2 TENU","آ  "
522,"330_7a",257,"آ ","Lأڑأ—NE","U+1220C ً’ˆŒ","LU2 TIMES NE","آ  "
523,"330_7an1","آ ","آ ","Lأڑأ—AL","U+121FE ً’‡¾","LU2 TIMES AL","آ  "
524,"330_7cv","آ ","آ ","Lأڑأ—إ U","آ ","آ ","آ  "
525,"330_7an3v","آ ","آ ","Lأڑأ—KAM*","U+12203 ً’ˆƒ","LU2 TIMES HI TIMES BAD","see MesZL n514 "
526,"330_7an2","آ ","آ ","Lأڑأ—IM","U+12204 ً’ˆ„","LU2 TIMES IM","آ  "
527,"330_7an4","آ ","آ ","Lأڑأ—KI","U+12208 ً’ˆˆ","LU2 TIMES KI","آ  "
"527'","330_7bn","آ ","آ ","Lأڑأ— ME.EN","U+1220B ً’ˆ‹","LU2 TIMES ME PLUS EN","آ  "
528,"330_7b","آ ","آ ","Lأڑأ—LAGAB","U+1220A ً’ˆٹ","LU2 TIMES LAGAB","آ  "
529,"330_7c","آ ","آ ","Lأڑأ—KU or similar","آ ","آ ","آ  "
530,"330_7c","آ ","آ ","Lأڑأ—TأڑG","U+12210 ً’ˆگ","LU2 TIMES TUG2","آ  "
,"330_7c",259,"آ ","Lأڑأ—إ أˆ","U+12200 ً’ˆ€","LU2 TIMES ESH2","see MesZL 514, 175 "
531,"330_7cn","آ ","آ ","Lأڑأ—إ أˆ-tenأ»","U+12201 ً’ˆپ","LU2 TIMES ESH2 TENU","آ  "
532,"330_7d","آ ","آ ","Lأڑأ— إ أˆ.LAL","آ ","آ ","آ  "
533,"330_7dn","آ ","آ ","Lأڑأ— SأچG.BU","U+1220F ً’ˆڈ","LU2 TIMES SIK2 PLUS BU","آ  "
536,"331a","آ ","آ ","Aإ 9 (Eإ 16.Eإ 16)","U+12440 ً’‘€","NUMERIC SIGN SIX VARIANT FORM ASH9","""6"" "
537,"331b","آ ","آ ","أŒMIN (Eإ 16.Eإ 16.Aإ )","U+12441 ً’‘پ","NUMERIC SIGN SEVEN VARIANT FORM IMIN3","""7"" "
538,"331c","آ ","آ ","أ™SSU (Eإ 16.Eإ 16.TAB)","U+12445 ً’‘…","NUMERIC SIGN EIGHT VARIANT FORM USSU3","""8"" "
539,"331d","آ ","آ ","أŒLIMMU (Eإ 16.Eإ 16.Eإ 16)","U+12447 ً’‘‡","NUMERIC SIGN NINE VARIANT FORM ILIMMU3","""9"" "
542,"337xn1","see 205b","آ ","UD-gunأ»","U+12319 ً’Œ™","UD GUNU","uncertain reconstruction "
546,"337xx","207a","آ ","SAG5","U+12260 ً’‰ ","NISAG (read NISAG2)","merged with إ ID; see MesZL n485 "
,"338n1","آ ","آ ","Dأ‰أ—KASKAL","U+12324 ً’Œ¤","UMUM TIMES KASKAL","abzux, de2 "
,"338n2","آ ","آ ","Dأ‰أ—PA","U+12325 ً’Œ¥","UMUM TIMES PA","reconstruction "
549,339,"آ ","آ ","BANEإ  (""أپإ "")","U+12451 ً’‘‘","NUMERIC SIGN THREE BAN2","آ  "
550,"340v","آ ","آ ","BANLIMMU (""أپإ .U/GE23"")","U+12452 ً’‘’","NUMERIC SIGN FOUR BAN2","آ  "
,340,"آ ","آ ","BANLIMMU (""أپإ .U/GE23"")","U+12453 ً’‘“","NUMERIC SIGN FOUR BAN2 VARIANT FORM","آ  "
551,"341v","آ ","آ ","BANIA (""أپإ . UoverU/GE23overGE23"")","U+12454 ً’‘”","NUMERIC SIGN FIVE BAN2","آ  "
,341,"آ ","آ ","BANIA (""أپإ . UoverU/GE23overGE23"")","U+12455 ً’‘•","NUMERIC SIGN FIVE BAN2 VARIANT FORM","آ  "
,"343+091","آ ","آ ","GAL.KINDA","U+120F3 ً’ƒ³","GAL GAD OVER GAD GAR OVER GAR","آ  "
569,"354bv","227b","آ ","KAD5","U+12193 ً’†“","KAD5","آ  "
572,357,"آ ","آ ","BأŒإ EBA (GU4overGU4.LUGAL)","U+12121 ً’„،","GUD OVER GUD LUGAL","آ  "
575,360,"آ ","آ ","GE23 (DIإ -tenأ»)","U+12039 ً’€¹","ASH ZIDA TENU","cf. n647 "
,"366_87","آ ","آ ","KUR.KURinversum","U+121B4 ً’†´","KUR OPPOSING KUR","آ  "
581,"371n3","آ ","آ ","BUoverBUcrossed","U+12050 ً’پگ","BU CROSSING BU","آ  "
582,"371a",275,"آ ","SIRSIR (BUoverBU +AB)","U+1204E ً’پژ","BU OVER BU AB","آ  "
,"060a","آ ","آ ","UTUKI (KأڑR.IR.GأچDIM)","U+12359 ً’چ™","UTUKI","see n92 "
,"374_81n1","آ ","آ ","RI8 (MUإ overMUإ أ— A.NA)","U+12237 ً’ˆ·","MUSH OVER MUSH TIMES A PLUS NA","آ  "
,"375_45","آ ","آ ","NINNI5 (TIRoverTIR)","U+12303 ً’Œƒ","TIR OVER TIR","آ  "
588,"375_46","آ ","آ ","TIRoverTIR.GADoverGAD.NأچGoverNأچG","U+12304 ً’Œ„","TIR OVER TIR GAD OVER GAD GAR OVER GAR","آ  "
,369,"آ ","آ ","إ Eoverإ E.GADoverGAD.NأچGoverNأچG","U+122BC ً’ٹ¼","SHE OVER SHE GAD OVER GAD GAR OVER GAR","آ  "
,370,389,"آ ","إ Eoverإ E.TABoverTAB.NأچGoverNأچG","U+122BD ً’ٹ½","SHE OVER SHE TAB OVER TAB GAR OVER GAR","آ  "
,"411_167a","آ ","آ ","UoverU.SURoverSUR","U+1230F ً’Œڈ","U OVER U SUR OVER SUR","آ  "
,"411_182a","آ ","آ ","UoverU.PAoverPA.NأچGoverNأچG","U+1230E ً’Œژ","U OVER U PA OVER PA GAR OVER GAR","آ  "
593,"124n2","آ ","آ ","TAB variant old","U+1244A ً’‘ٹ","TWO ASH TENU","see MesZL n593, n209 "
594,"378an","آ ","آ ","Number 1/4(Kأ¼ltepe)","U+12462 ً’‘¢","OLD ASSYRIAN ONE QUARTER","""1/4"" "
595,"406v2","آ ","آ ","KAM (ل¸ھIأ—BAD), variant form","U+1219A ً’†ڑ","KAM2 (wrong!)","see MesZL n640 "
597,"382v","آ ","آ ","أچTIMA (UDأ—MI)","U+12316 ً’Œ–","UD TIMES MI","آ  "
,"383a","آ ","آ ","PIoverPIcrossed/TALTAL","U+12289 ً’ٹ‰","PI CROSSING PI","آ  "
600,"384n","آ ","آ ","إ أ€أ—BAD","U+122B0 ً’ٹ°","SHA3 TIMES BAD","آ  "
601,"384a",435,"آ ","إ أ€أ—TUR","U+122B4 ً’ٹ´","SHA3 TIMES TUR","آ  "
602,385,434,"آ ","إ أ€أ—NE","U+122B2 ً’ٹ²","SHA3 TIMES NE","آ  "
603,"385n","آ ","آ ","إ أ€أ—GIإ ","U+122B1 ً’ٹ±","SHA3 TIMES GISH","آ  "
604,386,"آ ","آ ","إ أ€أ—UD","آ ","آ ","آ  "
605,"386n","آ ","آ ","إ أ€أ—U","U+122B5 ً’ٹµ","SHA3 TIMES U","آ  "
606,388,"آ ","آ ","BIR6 (إ أ€أ— U.A)","U+122B6 ً’ٹ¶","SHA3 TIMES U PLUS A","آ  "
607,387,"آ ","آ ","إ أ€أ—MI","آ ","آ ","آ  "
608,390,436,"آ ","PEإ 4 (إ أ€أ—A)","U+122AF ً’ٹ¯","SHA3 TIMES A","آ  "
609,389,"آ ","آ ","إ أ€أ—إ أڑ","U+122B3 ً’ٹ³","SHA3 TIMES SHU2","آ  "
610,391,463,"آ ","UD.MUNUS.ل¸ھأڑB","U+12313 ً’Œ“ & U+122A9 ً’ٹ© & U+12138 ً’„¸","UD & SAL & HUB2","آ  "
611,392,333,"آ ","أڑل¸ھ (UD.Kأڑإ U)","U+12314 ً’Œ”","UD KUSHU2","آ  "
615,"394+420","آ ","آ ","NUNUZ.أپB","آ ","آ ","آ  "
,"394a","آ ","آ ","NUNUZ.KISIM5","آ ","آ ","آ  "
616,"394b",372,"آ ","LAل¸ھTAN (NUNUZ.أپB/KISIM5أ—LA)","U+12274 ً’‰´","NUNUZ AB2 TIMES LA","آ  "
617,"394bx","آ ","آ ","Lأپل¸ھTAN (NUNUZ.أپB/KISIM5أ—SأŒLA)","U+12276 ً’‰¶","NUNUZ AB2 TIMES SILA3","آ  "
618,"394bxn","آ ","آ ","NUNUZ.أپB/KISIM5أ—Kأ€D","U+12273 ً’‰³","NUNUZ AB2 TIMES KAD3","آ  "
619,"394c,394e",373,"آ ","أ™SAN (NUNUZ.أپB/KISIM5أ—Aإ GAB)","U+1226E ً’‰®","NUNUZ AB2 TIMES ASHGAB","آ  "
620,"394cxxx","آ ","آ ","NUNUZ.أپB/KISIM5أ—NE","U+12275 ً’‰µ","NUNUZ AB2 TIMES NE","آ  "
622,"394d+411","آ ","آ ","NUNUZ.أپB/KISIM5أ—BI .U (Mأ™D.U)","U+12279 ً’‰¹","NUNUZ KISIM5 TIMES BI U","آ  "
623,"394dn2","آ ","آ ","NUNUZ.أپB/KISIM5أ—GU4","U+12271 ً’‰±","NUNUZ AB2 TIMES GUD","آ  "
624,"394dx","آ ","آ ","NUNUZ.أپB/KISIM5أ— أڑ.BA","آ ","آ ","U+12277 ً’‰· read NUNUZ AB2 TIMES U2 PLUS BA, not ... TIMES U2 "
625,"394dn","آ ","آ ","NUNUZ.أپB/KISIM5أ—DUG","U+12270 ً’‰°","NUNUZ AB2 TIMES DUG","آ  "
626,"394cx","آ ","آ ","NUNUZ.أپB/KISIM5أ— GأڑG.Bأ™LUG","آ ","آ ","آ  "
,"394cxv","آ ","آ ","NUNUZ.أپB/KISIM5أ— Bأ™LUG.GأڑG","آ ","آ ","آ  "
627,"394en","آ ","آ ","NUNUZ.أپB/KISIM5أ—SIG7","U+12272 ً’‰²","NUNUZ AB2 TIMES IGI GUNU","آ  "
628,395,"آ ","آ ","ZIB","U+12366 ً’چ¦","ZIB","آ  "
,"395v","آ ","آ ","ZIBinversum","U+12367 ً’چ§","ZIB KABA TENU","see Gong 39 and 220, omitted in MesZL "
629,"325an","آ ","آ ","Eإ 23","U+1244B ً’‘‹","NUMERIC SIGN THREE ASH TENU","""3"", see MesZL n629, n505 "
630,"395an","آ ","آ ","Number 1/6(Kأ¼ltepe)","U+12461 ً’‘،","NUMERIC SIGN OLD ASSYRIAN ONE SIXTH","""1/6"" "
634,"405v2",278,"آ ","Sأ™R (ل¸ھI.Aإ , ل¸ھIأ—Aإ )","U+1212E ً’„®","HI TIMES ASH","آ  "
637,"398+166","آ ","آ ","Aل¸ھ.KASKAL","U+12134 ً’„´ & U+1219C ً’†œ","HI TIMES NUN & KASKAL","آ  "
638,"398_64",282,"آ ","Aل¸ھ.ME","U+12134 ً’„´ & U+12228 ً’ˆ¨","HI TIMES NUN & ME","آ  "
639,"398_72","آ ","آ ","Aل¸ھ.ME.U","U+12134 ً’„´ & U+12228 ً’ˆ¨ & U+1230B","HI TIMES NUN & ME & U","آ  "
,"399xn","آ ","آ ","IMoverIMcrossed","U+12150 ً’…گ","IM CROSSING IM","آ  "
,"399xx","آ ","آ ","4أ—IM forming a cross","U+12152 ً’…’","IM SQUARED","آ  "
642,"399_51","آ ","آ ","IMأ—KأچD","U+1214F ً’…ڈ","IM TIMES TAK4","IM.KأچD, IMأ—KأچD to n641 "
645,402,294,"آ ","ل¸ھUS (ل¸ھI.GأŒR)","U+1212D ً’„­ & U+1210A ً’„ٹ","HI & GIR3","آ  "
,"361n","آ ","آ ","آ ","U+1203A ً’€؛","ASH KABA TENU ",
,"364n","آ ","آ ","آ ","U+1236D ً’چ­","ZUBUR ",
649,365,"آ ","آ ","إ أڑإ UR","U+1203D ً’€½","ASH OVER ASH OVER ASH CROSSING ASH OVER ASH OVER ASH","آ  "
650,407,"آ ","آ ","إ أپRأ—GAD","U+12132 ً’„²","HI TIMES GAD","آ  "
651,408,"آ ","آ ","إ أپRأ— GAL.DIإ ","U+12432 ً’گ²","NUMERIC SIGN SHAR2 TIMES GAL PLUS DISH","""216.000"" "
652,"408v","آ ","آ ","إ أپRأ— GAL.MIN","U+12433 ً’گ³","NUMERIC SIGN SHAR2 TIMES GAL PLUS MIN","""432.000"" "
653,409,284,"آ ","إ أپRأ—U","U+1242C ً’گ¬","NUMERIC SIGN ONE SHARU","""36.000"", DأڑBUR (ل¸ھIأ—U) see n688 "
654,"409v2","آ ","آ ","إ أپRأ—U-gunأ»","آ ","آ ","variant form of n653, ""36.000"" "
655,"409a",285,"آ ","إ أپRأ—MAN","U+1242D ً’گ­","NUMERIC SIGN TWO SHARU","""72.000"" "
657,"409c","آ ","آ ","إ أپRأ—NIMIN","U+12430 ً’گ°","NUMERIC SIGN FOUR SHARU (variant form)","""144.000"" "
658,"409d","آ ","آ ","إ أپRأ—NINNU","U+12431 ً’گ±","NUMERIC SIGN FIVE SHARU (variant form)","""180.000"" "
659,"409e","آ ","آ ","إ أپRأ—DIإ , also ل¸ھIأ—DIإ ?","U+12131 ً’„±","HI TIMES DISH","""216.000"" "
660,410,"آ ","آ ","ل¸ھIأ—KIN","U+12133 ً’„³","HI TIMES KIN","آ  "
664,414,"آ ","آ ","U.ITI","آ ","آ ","reconstruction, delete? "
666,413,341,"آ ","إ IBIR (U.BURU14)","U+1230B ً’Œ‹ & U+12098 ً’‚ک","U & EN TIMES GAN2","آ  "
667,"415a",338,"آ ","Gأ€KKUL (U.DIM)","U+1230B ً’Œ‹ & U+12074 ً’پ´","U & DIM","آ  "
668,"416, 416v",339,"آ ","GAKKUL (U.DIMأ—إ E), later U.DIMأ—KUR","U+1230B ً’Œ‹ & U+12075 ً’پµ","U & DIM TIMES SHE","آ  "
669,417,"آ ","آ ","U.GUR","U+1230B ً’Œ‹ & U+12125 ً’„¥","U & GUR","آ  "
671,419,357,"آ ","SAGإ U (U.SAG)","U+1230B ً’Œ‹ & U+12295 ً’ٹ•","U & SAG","آ  "
673,"420_8","آ ","آ ","أپBأ—KأچD","U+1201B ً’€›","AB2 TIMES TAK4","آ  "
674,423,354,"آ ","أپBأ—KأپR","U+12018 ً’€ک","AB2 TIMES GAN2 TENU","آ  "
675,423,293,"آ ","GIRI16 (GأŒRأ—KأپR)","U+1210C ً’„Œ","GIR3 TIMES GAN2 TENU","آ  "
676,422,"آ ","آ ","LILIZ (أپBأ—BALAG)","U+12017 ً’€—","AB2 TIMES BALAG","آ  "
677,424,353,"آ ","LIBIإ  (أپBأ—إ أ€)","U+1201A ً’€ڑ","AB2 TIMES SHA3","آ  "
679,426,"آ ","آ ","MEZE (أپBأ— ME.EN)","U+12019 ً’€™","AB2 TIMES ME PLUS EN","آ  "
687,"396n3","آ ","آ ","KISIM5","U+121A8 ً’†¨","KISIM5","in some ligatures interchangeable with أپB "
,"404x_2","آ ","آ ","Gingira (KISIM5overKISIM5)","U+121A9 ً’†©","KISIM5 OVER KISIM5","آ  "
688,"409n; 432_2","DأڑBUR: 284","آ ","DأڑBUR (ل¸ھIأ—U)","U+12136 ً’„¶","HI TIMES U","آ  "
692,"434a","آ ","آ ","KIR7 (NIMأ— NأچG.KأپR)","U+12251 ً’‰‘","NIM TIMES GAR PLUS GAN2 TENU","آ  "
694,436,"آ ","آ ","LAMأ—KUR","U+121F5 ً’‡µ","LAM TIMES KUR","آ  "
699,442,346,"آ ","إ ITA4 (U.KID)","U+1230B ً’Œ‹ & U+121A4 ً’†¤","U & KID","آ  "
700,443,351,"آ ","أڑTU (U.GA/إ U4.GA)","U+1230B ً’Œ‹ & U+120B5 ً’‚µ","U & GA","آ  "
,444,178,"آ ","PIRIG","U+1228A ً’ٹٹ","PIRIG","آ  "
,"444n2","آ ","آ ","GأŒR.GأŒRinversum","U+1228E ً’ٹژ","PIRIG OPPOSING PIRIG","آ  "
702,"421a","آ ","آ ","LULIM (GأŒRأ— LU.IGI)","U+1210E ً’„ژ","GIR3 TIMES LU PLUS IGI","reconstruction "
706,447,"آ ","آ ","NIGIN4 (U.UD)","U+1230B ً’Œ‹ & U+12313 ً’Œ“","U & UD","آ  "
707,"447a","آ ","آ ","NأŒGIN (U.UD.KID)","U+1230B ً’Œ‹ & U+12313 ً’Œ“ & U+121A4 ً’†¤","U & UD & KID",
709,"411+350_8","آ ","آ ","U.U-gunأ»","U+1230B ً’Œ‹ & U+12434 ً’گ´","U & ONE BURU","""60.000""? "
710,448,347,"آ ","KUإ U (U.GأŒR/PIRIG)","U+1230B ً’Œ‹ & U+1210A ً’„ٹ / U+1228A ً’ٹٹ","U & GIR3/PIRIG","آ  "
713,474,"آ ","آ ","MAإ GI/BARGI (4أ—U)","U+12310 ً’Œگ","U OVER U U REVERSED OVER U REVERSED","آ  "
715,476,"آ ","آ ","LX (6أ—U)","U+12411 ً’گ‘","NUMERIC SIGN SIX U","""60"" "
718,479,"آ ","آ ","9أ—U","U+12414 ً’گ”","NUMERIC SIGN NINE U","""90"" "
,"459an2",335,"آ ","DU6overDU6.إ E","U+121F0 ً’‡°","LAGAR GUNU OVER LAGAR GUNU SHE","آ  "
722,"460v",307,"آ ","SU7 (LAGARأ—إ E)","U+121ED ً’‡­","LAGAR TIMES SHE","آ  "
723,"460n","آ ","آ ","LAGARأ— إ E.SUM","U+121EE ً’‡®","LAGAR TIMES SHE PLUS SUM","آ  "
728,"449_145",236,"آ ","U6 (IGI.أ‰)","U+12146 ً’…† & U+1208D ً’‚چ","IGI & E2","آ  "
730,454,"آ ","آ ","KURUM7 (IGI.ERIM)","U+12146 ً’…† & U+1209F ً’‚ں","IGI & ERIN2","here belongs n735 "
734,"456a","آ ","آ ","ل¸ھUL4 (IGI.UR-إ،eإ،إ،ig)","U+12146 ً’…† & U+1232A ً’Œھ","IGI & UR SHESHIG","reconstruction "
735,"449_244","آ ","آ ","KURUM7 (IGI.NأچG)","U+12146 ً’…† & U+120FB ً’ƒ»","IGI & GAR","reconstruction, belongs to n730 "
738,"462v",430,"آ ","KIأ—BAD","U+121A1 ً’†،","KI TIMES BAD","belongs to n740 "
739,463,"آ ","آ ","KIأ—UD","U+121A3 ً’†£","KI TIMES UD","آ  "
740,462,430,"آ ","KIأ—U","U+121A2 ً’†¢","KI TIMES U","آ  "
743,466,440,"آ ","KIإ I4","U+12294 ً’ٹ”","SAG NUTILLU","آ  "
752,"482, 585b","آ ","آ ","LأپL","آ ","آ ","Neo-Assyrian: use U+121F3 ً’‡³; here belongs also n849 "
757,484,"آ ","آ ","ZIKUM","آ ","آ ","Neo-Assyrian: use U+121C9 ً’‡‰ LAGAB TIMES HAL "
758,"484a","آ ","آ ","LAGABأ—AN","U+121BE ً’†¾","LAGAB TIMES AN","آ  "
759,485,"آ ","آ ","LAGABأ—KأچD","U+121E3 ً’‡£","LAGAB TIMES TAK4","آ  "
761,487,406,"آ ","أ‰SIR (LAGABأ—NUMUN)","U+121D2 ً’‡’","LAGAB TIMES KUL","آ  "
762,488,"آ ","آ ","LAGABأ— NUMUN.ل¸ھI.A","U+121D3 ً’‡“","LAGAB TIMES KUL PLUS HI PLUS A","آ  "
763,"488a","آ ","آ ","LAGABأ—GI","آ ","آ ","آ  "
764,"488b","آ ","آ ","LAGABأ—EN","U+121C3 ً’‡ƒ","LAGAB TIMES EN","آ  "
765,489,"آ ","آ ","LAGABأ—DAR","U+121C2 ً’‡‚","LAGAB TIMES DAR","آ  "
768,495,"آ ","آ ","UDUB (LAGABأ—NE)","U+121DB ً’‡›","LAGAB TIMES NE","آ  "
769,496,"آ ","آ ","LAGABأ—BI","U+121C1 ً’‡پ","LAGAB TIMES BI","آ  "
770,"495a","آ ","آ ","LAGABأ—Uإ ","U+121EA ً’‡ھ","LAGAB TIMES USH","آ  "
771,497,"آ ","آ ","LAGABأ—إ أچTA","U+121DE ً’‡‍","LAGAB TIMES SHITA PLUS GISH TENU","TENU pertinent? cf. Gong p154 and 220 "
,"497n","آ ","آ ","LAGABأ— إ أچTA.ERIM","U+121DD ً’‡‌","LAGAB TIMES SHITA PLUS GISH PLUS ERIN2","آ  "
772,493,407,"آ ","LAGABأ—GU4","U+121C6 ً’‡†","LAGAB TIMES GUD","آ  "
773,498,"آ ","آ ","LAGABأ—AL","U+121BD ً’†½","LAGAB TIMES AL","آ  "
774,"499v","آ ","آ ","LAGABأ— أڑ.Aإ ","U+121E8 ً’‡¨","LAGAB TIMES U2 PLUS ASH","آ  "
775,"499n","آ ","آ ","LAGABأ—GA","U+121C4 ً’‡„","LAGAB TIMES GA","آ  "
776,"500; 501",409,"آ ","إ أپRA (LAGABأ—SIG7)","U+121CB ً’‡‹","LAGAB TIMES IGI GUNU","آ  "
777,502,"آ ","آ ","LAGABأ—LUL","U+121D7 ً’‡—","LAGAB TIMES LUL","آ  "
778,504,"آ ","آ ","LAGABأ—GE23","U+121BF ً’†؟","LAGAB TIMES ASH ZIDA TENU","uncertain "
779,492,"آ ","آ ","LAGABأ— إ E.SUM","U+121DC ً’‡œ","LAGAB TIMES SHE PLUS SUM","آ  "
780,507,"آ ","آ ","LAGABأ—MUإ ","U+121DA ً’‡ڑ","LAGAB TIMES MUSH","آ  "
781,508,"آ ","آ ","LAGABأ— KAR.SU.NA","U+121E4 ً’‡¤","LAGAB TIMES TE PLUS A PLUS SU PLUS NA","آ  "
782,503,"آ ","آ ","LAGABأ—LIإ ","U+121D5 ً’‡•","LAGAB TIMES LISH","آ  "
783,505,"آ ","آ ","LAGABأ—UD","U+121E9 ً’‡©","LAGAB TIMES UD","آ  "
784,509,"آ ","آ ","LAGABأ—Aل¸ھ","U+121CA ً’‡ٹ","LAGAB TIMES HI TIMES NUN","آ  "
785,510,"آ ","آ ","LAGABأ—IM","U+121CC ً’‡Œ","LAGAB TIMES IM","آ  "
787,512,412,"آ ","LAGABأ— U.A","U+121E6 ً’‡¦","LAGAB TIMES U PLUS A","آ  "
788,515,411,"آ ","BUL (LAGABأ—Eإ )","U+121E7 ً’‡§","LAGAB TIMES U PLUS U PLUS U","آ  "
789,514,"آ ","آ ","LAGABأ—KI","U+121CF ً’‡ڈ","LAGAB TIMES KI","آ  "
790,513,"آ ","آ ","GARIM (LAGABأ—KUG)","U+121D1 ً’‡‘","LAGAB TIMES KU3","آ  "
791,516,"آ ","آ ","LAGABأ—ME","U+121D8 ً’‡ک","LAGAB TIMES ME","آ  "
792,517,"آ ","آ ","LAGABأ— ME.EN","U+121D9 ً’‡™","LAGAB TIMES ME PLUS EN","آ  "
793,518,"آ ","آ ","LAGABأ—LU","U+121D6 ً’‡–","LAGAB TIMES LU","آ  "
794,519,"آ ","آ ","LAGABأ—KIN","U+121D0 ً’‡گ","LAGAB TIMES KIN","آ  "
796,523,"آ ","آ ","LAGABأ— A.TAR","آ ","آ ","uncertain "
797,"523x; 524","آ ","آ ","LAGABأ— A.DA.ل¸ھA","U+121BA ً’†؛","LAGAB TIMES A PLUS DA PLUS HA","آ  "
798,525,"آ ","آ ","LAGABأ— A.LAL","U+121BC ً’†¼","LAGAB TIMES A PLUS LAL","آ  "
799,526,"آ ","آ ","LAGABأ— A.NأچG/GAR","U+121BB ً’†»","LAGAB TIMES A PLUS GAR","آ  "
800,527,"آ ","آ ","LAGABأ—ل¸ھA","U+121C8 ً’‡ˆ","LAGAB TIMES HA","آ  "
802,520,"آ ","آ ","LAGABأ—إ أڑ","U+121DF ً’‡ں","LAGAB TIMES SHU2","آ  "
803,521,"آ ","آ ","LAGABأ— إ أڑ.إ أڑ","U+121E0 ً’‡ ","LAGAB TIMES SHU2 PLUS SHU2","آ  "
804,529,403,"آ ","NIGIN (LAGAB+LAGAB, LAGAB.LAGAB)","U+121B8 ً’†¸ & U+121B8 ً’†¸","LAGAB & LAGAB","آ  "
,"529v2","آ ","آ ","NIGIN (LAGABأ—LAGAB)","U+121D4 ً’‡”","LAGAB TIMES LAGAB","آ  "
805,530,"آ ","آ ","4أ—LAGAB forming a cross","U+121EB ً’‡«","LAGAB SQUARED","آ  "
806,"515_9","آ ","آ ","NENNI (BUL+BUL, BUL.BUL)","BUL.BUL: U+121E7 ً’‡§ & U+121E7 ً’‡§","LAGAB TIMES U PLUS U PLUS U & LAGAB TIMES U PLUS U PLUS U","آ  "
811,536,"آ ","آ ","""KU"" = DIإ +إ U","آ ","آ ","""60""; ligatur, see MesZL n748 "
814,"537_65c; 537x","آ ","آ ","أ€D (LUأ—BAD)","U+121FC ً’‡¼","LU TIMES BAD","آ  "
817,540,421,"آ ","DARA4 (SأچG+Aإ )","U+12071 ً’پ±","DARA4","آ  "
819,542,396,"آ ","GUR7 (SأچG.Aل¸ھ.ME.U)","U+12126 ً’„¦","GUR7","آ  "
820,543,"آ ","آ ","MUNإ UB (MUNSUB; SأچG.SUل¸ھUR)","U+12230 ً’ˆ°","MUNSUB","آ  "
822,"544+389 +532+411","آ ","آ ","SأچG.LAM.Aل¸ھ.ME.U","آ ","آ ","to be deleted? "
823,"543v2","آ ","آ ","MأڑNإ UB (SأچG.LAM.SUل¸ھUR)","U+122C1 ً’‹پ & U+122E6 ً’‹¦","SHESH2 & SUHUR","آ  "
824,534,"آ ","آ ","DIإ .U","U+12079 ً’پ¹ & U+1230B ً’Œ‹","DISH & U","""600"" "
829,"575b",220,"آ ","UR-إ،eإ،إ،ig","U+1232A ً’Œھ","UR SHESHIG","reconstruction "
,"575bv1","آ ","آ ","""URأ—A""","آ ","آ ","see MesZL 829 "
,"575bv2","آ ","آ ","""URأ—MIN""","آ ","آ ","see MesZL 829 "
831,"578a","آ ","آ ","آ ","U+1222B ً’ˆ« & U+1230D ً’Œچ","MIN & U U U","numeral ""2,30"" "
832,572,441,"آ ","إ ANABI (2/3)","U+1245B ً’‘›","NUMERIC SIGN TWO THIRDS DISH","""2/3"" "
833,"577; 578",442,"آ ","UDUG","U+1231C ً’Œœ","UDUG","Unicode reference glyph wrong? "
835,594,448,"آ ","UR4","U+12334 ً’Œ´","UR4","آ  "
837,"593v","آ ","آ ","Iإ إ EBU (3,20)","U+12408 ً’گˆ & U+12399 ً’ژ™","NUMERIC SIGN THREE DISH & U U","numeral ""3,20"" (10/3, 200) "
838,573,"آ ","آ ","KINGUSILA","U+1245C ً’‘œ","NUMERIC SIGN FIVE SIXTHS DISH","""5/6"" "
,"579n","آ ","آ ","A.TU.GAB.LIإ ","U+12037 ً’€·","ASAL2","forerunner ASALx, not ASAL2. Cf Krebernik OBO 160/1 283 "
840,580,"آ ","آ ","AGAM (Aأ—BAD)","U+12002 ً’€‚","A TIMES BAD","آ  "
841,585,"آ ","آ ","Aأ—SAG","U+12008 ً’€ˆ","A TIMES SAG","آ  "
842,"580a","آ ","آ ","Aأ—MUإ ","U+12007 ً’€‡","A TIMES MUSH","آ  "
843,582,"آ ","آ ","Aأ—DU6","U+12006 ً’€†","A TIMES LAGAR GUNU","آ  "
844,581,"آ ","آ ","Aأ—IGI","U+12005 ً’€…","A TIMES IGI","آ  "
845,583,"آ ","آ ","EDURU (Aأ—A)","U+12001 ً’€پ","A TIMES A","آ  "
846,"584; 587",471,"آ ","Zأ€ل¸ھ (Aأ—ل¸ھA)","U+12004 ً’€„","A TIMES HA","آ  "
847,"585a","آ ","آ ","DIإ overDIإ ","آ ","آ ","""4""; Neo-Assyrian: use U+12456 ً’‘– "
848,"585a","آ ","آ ","NIGIDAMIN (DIإ overDIإ )","U+12456 ً’‘–","NUMERIC SIGN NIGIDAMIN","""4"" "
849,"585b","آ ","آ ","LأپL variant","U+12456 ً’‘– & U+1227D ً’‰½","NIGIDAMIN & PAP","belongs to n752 "
850,"585c","آ ","آ ","NIGIDAEإ  (DIإ overDIإ .DIإ )","U+12457 ً’‘—","NUMERIC SIGN NIGIDAESH","آ  "
854,"379_2",245,"آ ","AD4 (ZA-tenأ»)","U+1235E ً’چ‍","ZA TENU","آ  "
855,"531; 588","آ ","آ ","GIإ TA'E (4أ—ZA أ—KUR)","U+1235F ً’چں","ZA SQUARED TIMES KUR","آ  "
857,590,"آ ","آ ","ZUBUD (ل¸ھA -tenأ»)","U+1212A ً’„ھ","HA TENU","آ  "
858,591,"آ ","آ ","GUG (ZA.GUL)","U+1235D ً’چ‌ & U+12122 ً’„¢","ZA & GUL","آ  "
865,"598en","آ ","آ ","DIإ overDIإ overDIإ ","U+12449 ً’‘‰","NUMERIC SIGN NINE VARIANT FORM ILIMMU A","""9"" "
,"545a","آ ","آ ","آ ","U+1245F ً’‘ں","NUMERIC SIGN ONE EIGHTH ASH","presargonic unit of measure LAK 852 "
871,"546_6",423,"آ ","Kأˆإ  (أ‰N. إ أپRأ—GAD)","U+122D9 ً’‹™ & U+1202D ً’€­ & U+12132 ً’„²","SHU2 & AN & HI TIMES GAD","آ  "
872,547,424,"آ ","KUNGA (إ أڑ.MUL)","U+122D9 ً’‹™ & U+1202F ً’€¯","SHU2 & AN THREE TIMES","آ  "
873,551,"آ ","آ ","إ EG8 (إ أڑ.NAGA)","U+122D9 ً’‹™ & U+12240 ً’‰€","SHU2 & NAGA","آ  "
874,552,"آ ","آ ","LIL5 (إ أڑ.NE)","U+122D9 ً’‹™ & U+12248 ً’‰ˆ","SHU2 & NE","آ  "
875,548,427,"آ ","GأچBIL (إ أڑ.أپإ )","U+122D9 ً’‹™ & U+1203E ً’€¾","SHU2 & ASH2","آ  "
876,549,"آ ","آ ","إ UDUN (إ أڑ.DUN4)","U+122D9 ً’‹™ & U+12088 ً’‚ˆ","SHU2 & DUN4","آ  "
878,"551v",429,"آ ","إ EG9 (إ أڑ.إ E.KU.GAG)","U+122BE ً’ٹ¾","SHEG9",
879,553,"آ ","آ ","LأŒL (إ أڑ.Eإ )","U+122D9 ً’‹™ & U+1230D ً’Œچ","SHU2 & U U U","آ  "
880,"550a; 553a","آ ","آ ","إ أڑ.UR-إ،eإ،إ،ig","U+122D9 ً’‹™ & U+1232A ً’Œھ","SHU2 & UR SHESHIG","reconstruction "
885,"555B","آ ","آ ","ZأڑM (ZUMأ—LAGAB)","U+122AA ً’ٹھ","SAL LAGAB TIMES ASH2","reconstruction "
888,556,"آ ","آ ","MUNUS+MA","آ ","آ ","mim-ma ligature "
892,569,251,"آ ","Sأ™ل¸ھ (GUoverGUcrossed)","U+12117 ً’„—","GU CROSSING GU","آ  "
894,561,"آ ","آ ","TUGUL (NAGAR.AD4)","U+12244 ً’‰„ & U+1235E ً’چ‍","NAGAR & ZA TENU","آ  "
895,"554n","آ ","آ ","MUNUS.LAGAR","U+122A9 ً’ٹ© & U+121EC ً’‡¬","SAL & LAGAR","آ  "
896,562,457,"آ ","Kأڑإ U","U+121B5 ً’†µ","KUSHU2","آ  "
897,"554_84; 556_8",453,"آ ","أ‰GI (MUNUS.إ أˆ)","U+122A9 ً’ٹ© & U+120A0 ً’‚ ","SAL & ESH2","آ  "
898,563,461,"آ ","NIG (MUNUS.UR)","U+122A9 ً’ٹ© & U+12328 ً’Œ¨","SAL & UR","آ  "
902,"565a; 566a","آ ","آ ","LUMoverLUM","U+1221E ً’ˆ‍","LUM OVER LUM","آ  "
903,566,"آ ","آ ","LUMoverLUM.إ أڑ","U+1221E ً’ˆ‍ & U+122D9 ً’‹™","LUM OVER LUM & SHU2","آ  "
904,"566b","آ ","آ ","Lأ™GUD (LUMoverLUM.NأچGoverNأچG)","U+1221F ً’ˆں","LUM OVER LUM GAR OVER GAR","آ  "
907,568,"آ ","آ ","SIG4overSIG4.إ أڑ","U+122DF ً’‹ں","SIG4 OVER SIG4 SHU2",
215,"124_42 ",110,"آ ","LأچMMU (TAB.TAB) ","U+121F9 ً’‡¹ ","LIMMU2 ","آ  "
424,265,101,"آ ","ITIMA (Gأپ/أ‰أ—MI) ","U+120DF ً’ƒں ","GA2 TIMES MI(standard) ","sub MesZL 495 only أ‰.MI, itimax "
428,273,"آ  ","آ ","Gأپ/أ‰أ— A.DA.ل¸ھA ","U+120B8 ً’‚¸ ","GA2 TIMES A PLUS DA PLUS HA ","آ  "
432,271,104,"آ ","ARل¸ھUإ  (Gأپ/أ‰أ—MUNUS) ","U+120E3 ً’ƒ£ ","GA2 TIMES SAL ","standard: أ‰أ—MUNUS "
475,299,"آ  ","آ ","ALأ—KأچD ","آ  ","آ  ","see MesZL n475 "
505,"325a ","آ  ","آ ","Eإ 16 (Aإ overAإ overAإ ) ","U+1203C ً’€¼ ","ASH OVER ASH OVER ASH ","آ  "
513,"329a ","آ  ","آ ","IA9 (Eإ 16.TAB) ","U+1203C ً’€¼ & U+122F0 ً’‹° ","CUNEIFORM SIGN ASH OVER ASH OVER ASH & TAB ","sign form congruent with U+1213F ً’„؟ "
565,352,82,"آ ","DأڑB (BALAG) ","U+12080 ً’‚€ ","DUB2 ","آ  "
577,363,"آ  ","آ ","ILIMMU4 (3أ—GE23) ","U+12448 ً’‘ˆ ","NUMERIC SIGN VARIANT FORM ILIMMU4 ","""9"" "
586,"374_81 ",276,"آ ","RI8 (MUإ overMUإ  parallel or crossed) ","U+12236 ً’ˆ¶ ","MUSH OVER MUSH ","آ  "
621,"394d ","آ  ","آ ","Mأ™D (NUNUZ.أپB/KISIM5أ—BI) ","U+1226F ً’‰¯ ","NUNUZ AB2 TIMES BI ","آ  "
647,361,"آ  ","آ ","GE22 ","آ  ","آ  ","آ  "
648,364,"آ  ","آ ","ZUBUR ","آ  ","آ  ","Unicode reference glyph form based on CAD Z 6b, not accepted in MSL 14 256f. "
656,"409b ",286,"آ ","إ أپRأ—Eإ  ","U+1242E ً’گ® ","NUMERIC SIGN THREE SHARU ","""108.000"" "
852,586,474,"آ ","LIMMU5 (""ZA"") ","U+1235D ً’چ‌ ","ZA ","آ  "
853,586,"آ  ","آ ","NIGIDALIMMU (""ZA"") ","U+1235D ً’چ‌ ","ZA ","آ  "
333,187,137,"(123)","NأچNDAأ— إ E.A.AN ","important code point missing ",,"آ  "
300,168,115,"(168)","EDIN","U+12094 ً’‚”","EDIN","also n499 bأ،har (""EDIN"") "
813,537,419,"(210?)","DIB (DAB)","U+12073 ً’پ³","DIB","آ  "
109,"063c","آ ","(227)","Kأ€D","U+12191 ً’†‘","KAD3","آ  "
75,41,182,"(229)","BANإ UR (URUأ—URUDU)","U+1234E ً’چژ","URU TIMES URUDA","آ  "
133,"078a ",33,"(25)","U5 ","ePSD s.v. u5 HU.SI erroneous. Sign not splittable! ",,
870,546,"آ ","(251)","أ‰N (إ أڑ.AN)","U+122D9 ً’‹™ & U+1202D ً’€­","SHU2 & AN","آ  "
747,470,"آ ","(287E)","XV (U.Iأپ) DMS","U+1230B ً’Œ‹ & U+1240A","U & NUMERIC SIGN FIVE DISH","""15"" "
882,596,418,"(3)","Pأ‰إ ","U+1227E ً’‰¾","PESH2","variant: n741. code point only for one sign form! "
906,567,243,"(311)","MURGU (""SIG4"")","U+122DE ً’‹‍","SIG4","آ  "
613,393,"آ ","(327)","PأچR","use U+1209F ً’‚ں ERIN2","آ ","آ  "
662,"350_8","آ ","(336*B)","Ugunأ», Bأ™R-gunأ» CHANGED TO GAإ AN by DMS","U+12434 ً’گ´","NUMERIC SIGN ONE BURU","آ  "
135,"79av",43,"(39B?)","BURU5 (NAM.ERIM) etc.","U+12246 ً’‰† & U+1209F ً’‚ں etc.","NAM & ERIN2","U+12245 ً’‰… NAM NUTILLU: uncertain "
497,323,"آ ","(40)","ALAD (KALأ—BAD)","U+12198 ً’†ک","KAL TIMES BAD","آ  "
1,1,1,"1","Aإ ","U+12038 ً’€¸","ASH","آ  "
91,57,6,"10","MAل¸ھ","U+12224 ً’ˆ¤","MAH","آ  "
246,129,"آ ","100","NAB (ANoverAN)","U+1202E ً’€®","AN OVER AN","آ  "
247,"129a",10,"101","MUL (ANoverAN .AN)","U+1202F ً’€¯","AN THREE TIMES","آ  "
547,338,215,"102","Dأ‰ (SIMUG)","U+12323 ً’Œ£","UMUM","umum: value not accepted in MesZL. simug, umun2 "
320,"178aa","آ ","103","إ أ€M (NأچNDAأ—AN)","U+12253 ً’‰“","NINDA2 TIMES AN","آ  "
324,"181v ","آ  ","104","AZU (NأچNDAأ—NUN) ","U+12259 ً’‰™ ","NINDA2 TIMES NUN ","آ  "
258,145,132,"105","AD","U+1201C ً’€œ","AD","آ  "
271,152,"152a,b,c ","106","EZEN ","U+120A1 ً’‚، ","EZEN ","آ  "
282,"152_9n","آ ","107","EZENأ—إ E DMS PUA","U+E00F","آ ","Hitt. "
259,147,126,"108","Zأچ( ABأ—PA)","U+12362 ً’چ¢","ZE2","آ  "
230,132,111,"109","URUDU (URUDA)","U+1234F ً’چڈ","URUDA","آ  "
239,"135a","آ ","109*B","UMأ—U","U+12321 ً’Œ،","UM TIMES U","آ  "
,"132n1","آ ","109*C","URUDUأ—U","U+12350 ً’چگ","URUDA TIMES U","old "
112,75,19,"11","NU","U+12261 ً’‰،","NU","آ  "
545,337,"207a/207b","110","MأڑRU (MURUB4, NISAG; ITI-gunأ»)","U+12318 ً’Œک","UD TIMES U PLUS U PLUS U GUNU","آ  "
232,195,129,"111","UNUG (AB-gunأ» and/or ABأ—Eإ ) ","U+12015 ً’€• ","AB GUNU ","آ  "
486,314,"112a","112","MES (RID)","U+12229 ً’ˆ©","MES","آ  "
253,143,120,"113","GAN","U+120F6 ً’ƒ¶","GAN","آ  "
275,"152_8",153,"114","Bأ€D (UG5 (EZENأ—BAD))","U+120A6 ً’‚¦","EZEN TIMES BAD","see also n272 "
266,151,"221a","115","LUGAL","U+12217 ً’ˆ—","LUGAL","آ  "
264,150,254,"116","DأŒM (RAB.GAM)","U+12290 ً’ٹگ & U+120F5 ً’ƒµ","RAB & GAM","آ  "
348,205,78,"117","IL (ALأ—إ E)","U+1214B ً’…‹","IL","آ  "
685,439,27,"118","PAN","U+1227C ً’‰¼","PAN","آ  "
316,176,135,"119","NأچNDA","U+12252 ً’‰’","NINDA2","آ  "
338,"190kv","210 and 133","119B","GALAM (SUKUD)","U+120F4 ً’ƒ´","GALAM","آ  "
117,72,26,"12","NUMUN","U+121B0 ً’†°","KUL","آ  "
339,191,138,"120","KUM (GUM)","U+12123 ً’„£","GUM","آ  "
326,183,136,"121","أپG (NأچNDAأ—NE)","U+12258 ً’‰ک","NINDA2 TIMES NE","آ  "
340,192,139,"122","GAZ (KUMأ—إ E)","U+12124 ً’„¤","GUM TIMES SHE","آ  "
,,,"123","NأچNDAأ—إ E.A.AN DMS","U+1225A & U+12000 & U+1202D","NINDA2 TIMES SHE & A & AN",
341,203,72,"124","أڑR","U+1232B ً’Œ«","UR2","آ  "
354,207,75,"125","TUM","U+12308 ً’Œˆ","TUM","آ  "
356,209,76,"126","EGIR","U+12095 ً’‚•","EGIR","آ  "
544,336,91,"127","LIL","U+121F8 ً’‡¸","LIL","see also MesZL p62 n87c "
350,206,"064, 197","128","DU","U+1207A ً’پ؛","DU","آ  "
352,202,66,"129","KAإ 4 (DU-إ،eإ،إ،ig)","U+1207D ً’پ½","DU SHESHIG","آ  "
113,69,25,"13","BAD ","U+12041 ً’پپ ","BAD ","آ  "
114,69,25,"13*B","أˆإ E (Aإ +U)","U+12458 ً’‘ک","NUMERIC SIGN ONE ESHE3","آ  "
,,,"130","DأڑB DMS","U+12080",,
212,210,77,"131","GEإ TIN (GIإ .DIN)","U+120FE ً’ƒ¾","GESHTIN","آ  "
381,211,68,"132","Uإ  (NITA)","U+12351 ً’چ‘","USH","آ  "
24,15,312,"133","KA","U+12157 ً’…—","KA","DUG4, DUGA4, DU11 "
30,"017an","آ ","134","KAأ—MAإ /BAR","U+1215E ً’…‍","KA TIMES BAR","آ  "
73,40,186,"134*B","UKKIN (URUأ—MAإ /BAR)","U+1233A ً’Œ؛","URU TIMES BAR","آ  "
31,"018v",315,"135","NUNDUM (KAأ—NUN)","U+1217B ً’…»","KA TIMES NUN","آ  "
32,"018x",316,"136","SU6 (KAأ—SA)","U+1217E ً’…¾","KA TIMES SA","آ  "
36,"022xn1","آ ","137","KAأ—أڑR","آ ","آ ","Hitt. "
,,,"137","KAأ—أڑR DMS","U+12387",,
40,"023n2","آ ","138","KAأ—PA","آ ","آ ","Hitt. "
,,,"138","KAأ—PA DMS","U+12384",,
41,"023n3","آ ","139","KAأ—GIإ ","آ ","آ ","Hitt. "
,,,"139","KAأ—GIإ  DMS","U+12380",,
167,94,14,"14","DIM","U+12074 ً’پ´","DIM","آ  "
38,"023n","آ ","140","KAأ—GAG","U+1216F ً’…¯","KA TIMES KAK","آ  "
56,"031n1","آ ","141","KAأ—U","U+12187 ً’†‡","KA TIMES U","Hitt. "
70,"034n","آ ","142","KAأ—LUM","آ ","آ ","آ  "
,,,"142","KAأ—LUM DMS PUA","U+E003",,
51,28,"آ ","143","KAأ—UD","U+12189 ً’†‰","KA TIMES UD","آ  "
54,30,322,"144","BأڑN (KAأ—IM)","U+1216E ً’…®","KA TIMES IM","آ  "
50,27,323,"145","KAأ—إ E","U+12181 ً’†پ","KA TIMES SHE","آ  "
26,16,325,"146","TU6 (KAأ—LI)","U+12172 ً’…²","KA TIMES LI","آ  "
61,32,326,"147","EME (KAأ—ME)","U+12174 ً’…´","KA TIMES ME","آ  "
64,35,328,"148","NAG (KAأ—A)","U+12158 ً’…ک","KA TIMES A","آ  "
65,36,329,"149","GU7 (KAأ—NأچG)","U+12165 ً’…¥","KA TIMES GAR","آ  "
110,70,24,"15","NA","U+1223E ً’ˆ¾","NA","آ  "
67,"036an","آ ","150","KAأ—أ€إ ","آ ","آ ","Hitt. "
,,,"150","KAأ—أ€إ  DMS PUA","U+E004",,
357,212,162,"151","Iإ ","U+12156 ً’…–","ISH","آ  "
504,306,288,"152","UB","U+12312 ً’Œ’","UB","آ  "
358,214,79,"153","BI","U+12049 ً’پ‰","BI","آ  "
362,215,83,"154","إ IM","U+122C6 ً’‹†","SHIM","آ  "
695,437,367,"155","AMAR (ZUR)","U+1202B ً’€«","AMAR","آ  "
696,438,368,"156","SISKUR (AMARأ—إ E)","U+1202C ً’€¬","AMAR TIMES SHE","آ  "
472,297,118,"157","GU4","U+1211E ً’„‍","GUD","آ  "
566,353,203,"158","إ A","U+122AD ً’ٹ­","SHA","آ  "
491,319,201,"159","GA","U+120B5 ً’‚µ","GA","KA3 "
18,50,16,"16","ARAD","U+12034 ً’€´","ARAD","آ  "
248,139,123,"160","TA","U+122EB ً’‹«","TA","آ  "
,"139n2",123,"160*B","TA*","U+122EC ً’‹¬","TA ASTERISK","Neo-Assyrian "
493,320,204,"161","أچL (GA.GأچN)","U+1214D ً’…چ","IL2","GUR3, GURU3, DUPSIK "
499,309,80,"162","DUG (BIأ—A) ","U+12081 ً’‚پ ","DUG ","آ  "
373,225,85,"163","إ IMأ—NأچG (BAPPIR)","U+122CB ً’‹‹","SHIM TIMES GAR","آ  "
298,167,141,"164","GAB ","U+12083 ً’‚ƒ ","DUH ","آ  "
686,440,67,"165","GIM (DأچM)","U+12076 ً’پ¶","DIM2","آ  "
160,"092b",301,"166","UMBIN (GAD.KأچD.أڑR)","U+12322 ً’Œ¢","UMBIN","آ  "
222,133,175,"167","Kأپ","U+1218D ً’†چ","KA2","آ  "
309,170,119,"168","AM (GU4أ—KUR)","U+12120 ً’„ ","GUD TIMES KUR","آ  "
313,172,116,"169","NE","U+12248 ً’‰ˆ","NE","آ  "
,,,"169B","NE+E DMS PUA","U+E00B",,
98,61,20,"17","MU","U+1222C ً’ˆ¬","MU","آ  "
170,109,124,"170","Lأ€L (TAأ—ل¸ھI)","U+122ED ً’‹­","TA TIMES HI","آ  "
301,169,142,"171","TAل¸ھ/DAل¸ھ (MUoverMU)","U+1222D ً’ˆ­","MU OVER MU","آ  "
312,173,117,"172","BأچL (GIBIL; NEأ—PAB, NE-إ،eإ،إ،ig)","U+1224B ً’‰‹","NE SHESHIG","آ  "
157,90,299,"173","GAD","U+120F0 ً’ƒ°","GAD","آ  "
,,,"173L","KAT+TA (ligature) DMS PUA","U+F001",,
464,295,143,"174","PA","U+1227A ً’‰؛","PA","آ  "
466,"295k","آ ","175","إ AB (PA.IB)","U+1227A ً’‰؛ & U+12141 ً’…پ","PA & IB","آ  "
,,,"176","MAإ KIM = PA+KAإ â‚„ DMS","U+1227A & U+1207D","PA & DU SHESHIG",
468,"295m","آ ","177","SIPA (PA.LU)","U+1227A ً’‰؛ & U+121FB ً’‡»","PA & LU","آ  "
469,296,160,"178","GIإ  (GEإ )","U+12111 ً’„‘","GISH","آ  "
755,483,402,"179","LAGAB","U+121B8 ً’†¸","LAGAB","آ  "
168,"095, 095v",15,"18","DIMأ—إ E, later DIMأ—KUR","U+12075 ً’پµ","DIM TIMES SHE","آ  "
786,511,410,"180","TأڑL (LAGABأ—U)","U+121E5 ً’‡¥","LAGAB TIMES U","آ  "
767,491,413,"181","ZAR (LAGABأ—SUM)","U+121E1 ً’‡،","LAGAB TIMES SUM","آ  "
795,522,414,"182","SUG (LAGABأ—A)","U+121B9 ً’†¹","LAGAB TIMES A","آ  "
474,298,108,"183","AL","U+12020 ً’€ ","AL","آ  "
171,110,70,"184","KU7","U+121AF ً’†¯","KU7","آ  "
180,111,92,"185","GUR","U+12125 ً’„¥","GUR","آ  "
719,458,308,"186","LAGAR","U+121EC ً’‡¬","LAGAR","آ  "
498,308,167,"187","E","U+1208A ً’‚ٹ","E","E ""barley"", ""leather"", EKI, EG2 ""levee"", IG2, I15 "
452,289,"آ ","188","UTUL5 (DAG.KISIM5أ—GU4)","U+1205F ً’پں","DAG KISIM5 TIMES GUD","آ  "
455,291,171,"189","UBUR (DAG.KISIM5أ—GA)","U+1205B ً’پ›","DAG KISIM5 TIMES GA","آ  "
570,355,296,"19","LUL (NAR)","U+1221C ً’ˆœ","LUL","آ  "
461,"294b","آ ","190","DAG.KISIM5أ—A.MAإ ","U+12057 ً’پ—","DAG KISIM5 TIMES A PLUS MASH","آ  "
483,307,144,"191","MAR","U+12225 ً’ˆ¥","MAR","آ  "
184,115,309,"192","SAG","U+12295 ً’ٹ•","SAG","آ  "
503,310,145,"193","GURUN","U+12127 ً’„§","GURUN","آ  "
484,313,163,"194","KID (LأچL)","U+121A4 ً’†¤","KID","آ  "
490,318,146,"195","أڑ","U+12311 ً’Œ‘","U2","آ  "
496,322,176,"196","KAL ","U+12197 ً’†— ","KAL ","آ  "
501,312,169,"197","UN","آ ","آ ","U+12327 ً’Œ§, erroneously UN GUNU "
,,,"197","UN DMS","U+12326","UN",
494,321,196,"198","LUل¸ھ","U+1221B ً’ˆ›","LUH","آ  "
495,324,107,"199","أ‰","U+1208D ً’‚چ","E2","آ  "
2,2,"آ ","2","Aإ .Aإ ","U+12400 ً’گ€","NUMERIC SIGN TWO ASH","""2"" "
3,2,7,"2*B","ل¸ھAL","U+1212C ً’„¬","HAL","آ  "
120,74,29,"20","MAإ ","U+12226 ً’ˆ¦","MASH","آ  "
121,74,57,"20*B","BAR","U+12047 ً’پ‡","BAR","آ  "
122,74,29,"20*C","BأپN","U+1244F ً’‘ڈ","NUMERIC SIGN ONE BAN2","آ  "
172,104,147,"200","SA","U+12293 ً’ٹ“","SA","آ  "
176,106,89,"201","Gأڑ (TIK)","U+12118 ً’„ک","GU2","آ  "
178,108,88,"202","DUR (GأڑxGAG, Gأڑ.GAG)","U+12119 ً’„™","GU2 TIMES KAK","آ  "
311,171,134,"203","UZU","U+1235C ً’چœ","UZU","آ  "
310,"170an","آ ","203*B","AMأ—A","U+1211F ً’„ں","GUD TIMES A PLUS KUR","reconstruction "
502,325,148,"204","NIR (NUNoverNUN)","U+1226A ً’‰ھ","NUN OVER NUN","آ  "
14,5,303,"205","BA","U+12040 ً’پ€","BA","آ  "
808,536,415,"206","KU (DأڑR, TUKUL, TUإ ) ","U+121AA ً’†ھ ","KU ","آ  "
,,,"207","MUDâ‚„ = KU!.U.GAG DMS","U+121B8 & U+1230B & U+12195","LAGAB & U & KAK",
552,342,166,"208","MA","U+12220 ً’ˆ ","MA","آ  "
15,6,304,"209","ZU","U+1236A ً’چھ","ZU","آ  "
,,,"209B","GIN9 DMS PUA","U+E00C",,
99,62,269,"21","SأŒLA","U+122E1 ً’‹،","SILA3","آ  "
812,537,416,"210","LU (UDU)","U+121FB ً’‡»","LU","آ  "
721,"459a",311,"211","DU6 (LAGAR-gunأ»)","U+121EF ً’‡¯","LAGAR GUNU","آ  "
809,536,417,"212","TأڑG (NأپM) ","U+12306 ً’Œ† ","TUG2 ","آ  "
810,536,420,"212*B","إ أˆ (أ‰إ , GI7, ZأŒ) ","U+120A0 ً’‚  ","ESH2 ","آ  "
16,7,305,"213","SU","U+122E2 ً’‹¢","SU","آ  "
561,335,229,"214","DA","U+12055 ً’پ•","DA","آ  "
560,334,230,"215","أپ","U+12009 ً’€‰","A2","آ  "
756,484,404,"216","ENGUR (LAGABأ—ل¸ھAL)","U+121C9 ً’‡‰","LAGAB TIMES HAL","آ  "
252,142,192,"217","I","U+1213F ً’„؟","I","آ  "
260,"142a",193,"218","IA (I.A)","U+12140 ً’…€","I A","آ  "
270,146,218,"219","ل¸ھAإ ل¸ھUR (MA-gunأ»)","U+12222 ً’ˆ¢","MA GUNU","آ  "
12,3,12,"22","MUG","U+1222E ً’ˆ®","MUG","آ  "
555,345,216,"220","GأڑG (Lأ™; إ أˆ-gunأ»)","U+12216 ً’ˆ–","LU3","آ  "
,,,"221","Equivalent to #220 DMS so using var sel","U+12216 ً’ˆ– & U+FE01",,
,,,"222","MIR (NIMGIR) DMS","U+12087 ً’‚‡","DUN3 GUNU GUNU ",
836,595,"Tأ™N:401a, GأچN:401b","223","GأچN (Tأ™N)","U+12085 ً’‚…","DUN3","آ  "
760,486,405,"224","GIGIR (LAGABأ—BAD)","U+121C0 ً’‡€","LAGAB TIMES BAD","آ  "
,,195,"225",,"U+12046 ً’پ†","BALAG ",
573,358,199,"226","ALAM (GU4overGU4.NA)","U+12029 ً’€©","ALAN","آ  "
106,"063d",58,"227","KأچD (TAG4)","U+122FA ً’‹؛","TAK4","آ  "
435,249,161,"228","KISAL","U+121A6 ً’†¦","KISAL","آ  "
71,38,181,"229","URU (IRI)","U+12337 ً’Œ·","URU","ERI, IRI, RE2, RI2, U19 "
203,"122b",54,"23","أ™Z (""Mأپ.KASKAL"")","U+1235A ً’چڑ","UZ3","آ  "
17,8,306,"230","إ EN (SUأ—A)","U+122BF ً’ٹ؟","SHEN","آ  "
485,314,"212; 207a","231","إ ID (LAG)","U+122C3 ً’‹ƒ","SHID","آ  "
,,,"232","LAل¸ھTA DMS","U+12274","NUNUZ AB2 TIMES LA",
511,328,192,"233","RA","U+1228F ً’ٹڈ","RA","آ  "
,,,"233L","RA+AN ligature DMS PUA","U+F002",,
,,,"233L2","RA+A ligature DMS PUA","U+F003",,
507,326,214,"234","GI4 (GI-gunأ»)","U+12104 ً’„„","GI4","آ  "
554,344,217,"235","BأپRA","U+12048 ً’پˆ","BARA2","cultic/political place. However, if the pattern is ""ME fit for Official A"", it would mean ""ruler"". ruler آ  "
,,,"236","LAل¸ھâ‚„ DMS","U+1207B","DU OVER DU",
255,144,393,"237","TUR (DUMU)","U+12309 ً’Œ‰","TUR","آ  "
540,332,206,"238","ZAG","U+12360 ً’چ ","ZAG","آ  "
564,351,198,"239","SIG7 (IGI-gunأ»)","U+1214A ً’…ٹ","IGI GUNU","""10,000"" "
132,78,34,"24","ل¸ھU","U+12137 ً’„·","HU","آ  "
,,,"24L","ل¸ھU+U DMS PUA","U+F006",,
543,333,209,"240","Gأ€R (QAR)","U+120FC ً’ƒ¼","GAR3","آ  "
548,339,211,"241","أپإ  (ZأچZ) ","U+1203E ً’€¾ ","ASH2 ","آ  "
553,343,213,"242","GAL","U+120F2 ً’ƒ²","GAL","آ  "
438,280,168,"243","DAG (Pأ€R)","U+12056 ً’پ–","DAG","آ  "
558,346,222,"244","GIR (ل¸ھA-gunأ»)","U+1212B ً’„«","HA GUNU","آ  "
559,349,223,"245","BUR (NأچG-gunأ»)","U+12053 ً’پ“","BUR","آ  "
574,"359n1",224,"246","URI (BURoverBUR)","U+12335 ً’Œµ","URI","آ  "
576,362,359,"247","GAM ","U+120F5 ً’ƒµ ","GAM ","آ  "
592,"377n1","آ ","248",":(division sign)","U+12471 ً’‘±","PUNCTUATION SIGN VERTICAL COLON","Glossenkeil "
,,,"248*B","DMS","U+12472 ً’‘²","PUNCTUATION SIGN DIAGONAL COLON ",
589,376,289,"249","TE","U+122FC ً’‹¼","TE","TEMEN, TEN, MUL2, TEؤœ3 "
,,,"25","U5 = ل¸ھU+SI DMS","U+12137 & U+122DB",,
590,"376x",290,"250","KAR (TE.A)","U+122FC ً’‹¼ & U+12000 ً’€€","TE & A","آ  "
869,545,422,"251","إ أڑ","U+122D9 ً’‹™","SHU2","آ  "
,,,"251L","إ أڑ+A ligature DMS PUA","U+F004",,
,,,"252","ل¸ھأڑL?+KUN DMS","U+1213E & U+121B2","HUL2 + KUN",
124,"074_238","030(IDIGNA) 087(DALLA)","253","IDIGNA (DALLA/MAإ .Gأڑ.Gأ€R)","U+12226 ً’ˆ¦ & U+12118 ً’„ک & U+120FC ً’ƒ¼","MAإ  & GU2 & GAR3","آ  "
877,550,425,"254","ل¸ھأڑL","U+1213E ً’„¾","HUL2","آ  "
881,592,437,"255","SIG","U+122DD ً’‹‌","SIG","آ  "
92,60,249,"256","PAB or PAP","U+1227D ً’‰½","PAP","آ  "
93,"060+002","آ ","256B","Pأڑإ  (PAB.ل¸ھAL)","U+1227D ً’‰½ & U+1212C ً’„¬","PAP & HAL","آ  "
94,"060+060",264,"257","Bأ™LUG","U+1227D ً’‰½ & U+1227D ً’‰½","PAP & PAP","آ  "
105,67,250,"258","GIL (GIoverGI parall. or crossing)","U+12103 ً’„ƒ","GI CROSSING GI","آ  "
302,166,271,"259","KASKAL","U+1219C ً’†œ","KASKAL","آ  "
137,81,35,"26","MUD","U+12137 ً’„· & U+1212D ً’„­","HU & HI","آ  "
378,228,274,"260","KIB","آ ","آ ","آ  "
,"105n3",274,"260","GأپNoverGأپNcrossed","U+120FA ً’ƒ؛","GAN2 CROSSING GAN2","old sign, LAK 278 "
,"296n2",274,"260*B","GIإ overGIإ crossed","U+12112 ً’„’","GISH CROSSING GISH","old sign, LAK 276 "
661,411,337,"261","U/Bأ™R","U+1230B ً’Œ‹","U","""10"" "
720,459,360,"262","DUL (U.TأڑG)","U+1230B ً’Œ‹ & U+12306 ً’Œ†","U & TUG2","DUL not really splittable "
670,418,"آ ","263","U.DAR (Aإ DAR)","U+1230B ً’Œ‹ & U+1206F ً’پ¯","U & DAR","آ  "
665,415,340,"264","UDUN (U.MU)","U+1230B ً’Œ‹ & U+1222C ً’ˆ¬","U & MU","آ  "
731,455,"239b","265","أ™ (IGI.DIB)","U+12147 ً’…‡","IGI & DIB","آ  "
732,455,"239a","265*B","LIBIR (IGI.إ أˆ)","U+12146 ً’…† & U+120A0 ً’‚ ","IGI & ESH2","آ  "
683,430,342,"266","GIR4 (U.AD)","U+1230B ً’Œ‹ & U+1201C ً’€œ","U & AD","آ  "
681,427,348,"267","MI","U+1222A ً’ˆھ","MI","آ  "
704,445,349,"268","DUGUD","U+12082 ً’‚‚","DUGUD","آ  "
705,446,350,"269","GIG (MI.NUNUZ)","U+1222A ً’ˆھ & U+1226D ً’‰­","MI & NUNUZ","GIG not really splittable "
154,"103a",46,"27","Mأ™إ xA","U+1223A ً’ˆ؛","MUSH3 TIMES A","آ  "
684,428,345,"270","إ AGAN (U.GAN/إ U4.GAN)","U+1230B ً’Œ‹ & U+120F6 ً’ƒ¶","U & GAN","آ  "
682,429,343,"271","GUL (SأڑN)","U+12122 ً’„¢","GUL","آ  "
663,412,358,"272","UGU (U.KA)","U+1230B ً’Œ‹ & U+12157 ً’…—","U & KA","آ  "
678,425,"291a","273","KIإ ","U+121A7 ً’†§","KISH","آ  "
165,54,63,"274","BURU14 (ENأ—KأپR/ENأ—GأپN)","U+12098 ً’‚ک","EN TIMES GAN2","آ  "
698,441,344,"275","UL (DU7)","U+1230C ً’ŒŒ","U GUD","آ  "
697,"438n","آ ","276","AMARأ—KUG","آ ","آ ","Hitt. "
,,,"276","AMARأ—KUG DMS PUA","U+E005",,
672,420,352,"277","أپB","U+12016 ً’€–","AB2","آ  "
,"396n","آ ","278","KISIM5 variant","آ ","آ ","آ  "
,,,"278","KISIMâ‚… DMS","U+121A8",,
691,434,356,"279","Tأ™M (NIMأ—KأپR)","U+12250 ً’‰گ","NIM TIMES GAN2 TENU","آ  "
,,,"28","SIأ—Sأپ DMS PUA","U+E000",,
,,,"280","KISIMâ‚…أ—LA DMS PUA","U+E006",,
,,,"281","KISIMâ‚…أ—GUâ‚„ DMS PUA","U+E007",,
,,,"282","KISIMâ‚…أ—GA DMS PUA","U+E008",,
454,"290n","آ ","283","DAG.KISIM5أ— أڑ.MAإ /BAR","آ ","آ ","Hitt. "
,,,"283","KISIMâ‚…أ—(أڑ.MAإ ) DMS PUA","U+E009",,
680,"426a","آ ","284","أپBأ—A","آ ","آ ","Hitt. "
,,,"284","أپBأ—A","U+12371",,
461,"294b","آ ","285","KISIM5أ—A.MAإ  DMS PUA","U+E010","KISIM5 TIMES A PLUS MASH","آ  "
591,377,232,"286","LIإ ","U+121FA ً’‡؛","LISH","آ  "
,,,"287","11 DMS","U+1230B & U+12079",,
,,,"287B","12 DMS","U+1230B & U+1222B",,
,,,"287C","13 DMS","U+1230B & U+12408",,
,,,"287D","14 DMS","U+1230B & U+12409",,
,,,"287E","15 DMS","U+1230B & U+1240A",,
,,,"287F","16 DMS","U+1230B & U+1240B",,
,,,"287G","17 DMS","U+1230B & U+1240C",,
,,,"287H","18 DMS","U+1230B & U+1240D",,
,,,"287I","19 DMS","U+1230B & U+1240E",,
724,449,233,"288","IGI (إ I, LIM)","U+12146 ً’…†","IGI","آ  "
726,451,234,"289","AR (IGI.RI)","U+12148 ً’…ˆ","IGI RI","آ  "
139,83,38,"29","إ أŒTA (RAD)","U+122E5 ً’‹¥","SUD2","آ  "
733,456,240,"290","ل¸ھUL (IGI.UR)","U+12146 ً’…† & U+12328 ً’Œ¨","IGI & UR","آ  "
727,"452v1",237,"291","AGRIG (IGI.DUB)","U+12146 ً’…† & U+1207E ً’پ¾","IGI & DUB","آ  "
725,450,235,"292","Pأ€D (IGI.RU)","U+12146 ً’…† & U+12292 ً’ٹ’","IGI & RU","آ  "
729,454,238,"293","SIG5 (IGI.ERIM)","U+12146 ً’…† & U+1209F ً’‚ں","IGI & ERIN2","آ  "
599,384,433,"294","إ أ€ (إ AG4)","U+122AE ً’ٹ®","SHA3","آ  "
746,469,362,"295","PAD (إ UK)","U+1227B ً’‰»","PAD","آ  "
708,471,363,"296","MAN (2أ—U)","U+12399 ً’ژ™","U U","""20"" "
883,554,450,"297","MUNUS (SAL)","U+122A9 ً’ٹ©","SAL","آ  "
889,557,454,"298","DAM","U+1206E ً’پ®","DAM","آ  "
886,556,451,"299","NIN9, old MUNUS.KU","U+122A9 ً’ٹ© & U+121AA ً’†ھ","SAL & KU","NeoAssyrian: SAL & MA(U+12220 ً’ˆ ) "
887,556,452,"299*B","NIN, old MUNUS.TأڑG","U+122A9 ً’ٹ© & U+12306 ً’Œ†","SAL & TUG2","آ  "
741,"461x",418,"3","Pأ‰إ ","U+1227E ً’‰¾","PESH2","see MesZL n882 "
141,85,40,"30","GI","U+12100 ً’„€","GI","آ  "
884,555,456,"300","ZUM","U+1236E ً’چ®","ZUM","آ  "
701,444,"291b","301","GأŒR","U+1210A ً’„ٹ","GIR3","آ  "
353,208,292,"302","ANإ E (GأŒRأ—PA or GأŒRأ—""TAB"") ","U+12032 ً’€² ","ANSHE ","آ  "
703,421,295,"303","ALIM (GأŒRأ— A.IGI)","U+1210B ً’„‹","GIR3 TIMES A PLUS IGI","آ  "
,"421n2",295,"303*B","ALIM (GأŒRأ—IGI)","U+1210D ً’„چ","GIR3 TIMES IGI","old "
891,559,458,"304","GU","U+12116 ً’„–","GU","آ  "
890,558,459,"305","Gأ‰ME (MUNUS.KUR)","U+122A9 ً’ٹ© & U+121B3 ً’†³","SAL & KUR","آ  "
693,435,244,"306","LAM","U+121F4 ً’‡´","LAM","آ  "
899,564,455,"307","EL","U+12096 ً’‚–","EL","آ  "
893,560,449,"308","NAGAR","U+12244 ً’‰„","NAGAR","آ  "
23,53,"آ ","309","إ Aل¸ھ","Neo-Assyrian: use U+122DA ً’‹ڑ (إ UBUR)","آ ","آ  "
,"085n2(v)","آ ","31","GIأ—E","U+12101 ً’„پ","GI TIMES E","Hitt. esp. Hurr. "
900,565,248,"310","LUM","U+1221D ً’ˆ‌","LUM","آ  "
905,567,243,"311","SIG4","U+122DE ً’‹‍","SIG4","آ  "
901,565,242,"311*B","MأڑRGU (""LUM"")","U+12231 ً’ˆ±","MURGU2","آ  "
736,457,431,"312","DI","U+12072 ً’پ²","DI","آ  "
737,461,432,"313","KI","U+121A0 ً’† ","KI","آ  "
742,"461_280; 464","آ ","313B","KIMIN (U7) DMS PUA","U+E00D","آ ","آ  "
689,431,364,"314","Nأپ","U+1223F ً’ˆ؟","NA2","آ  "
88,58,283,"315","GUR8 (TE-gunأ»)","U+122FD ً’‹½","TE GUNU","آ  "
596,381,332,"316","UD (BABBAR)","U+12313 ً’Œ“","UD","آ  "
598,383,370,"317","PI","U+1227F ً’‰؟","PI","آ  "
,"383n2(v) ","آ  ","318","PIأ—AB ","U+12281 ً’ٹپ ","PI TIMES AB ","Hitt. esp. Hurr. "
,"383n3(v)","آ ","319","PIأ—I","U+12285 ً’ٹ…","PI TIMES I ",
142,86,39,"32","RI","U+12291 ً’ٹ‘","RI","آ  "
,"383n4(v)","آ ","320","PIأ—BI","U+12282 ً’ٹ‚","PI TIMES BI ",
,"383n6(v)","آ ","321","PIأ—أڑ","U+12289 ً’ٹ‰","PI TIMES U2 ",
,"383n5(v)","آ ","322","PIأ—E","U+12284 ً’ٹ„","PI TIMES E ",
,"383n8(v)","آ ","323","PIأ—U","U+12287 ً’ٹ‡","PI TIMES U ",
,"383n7(v)","آ ","324","PIأ—BU","U+12283 ً’ٹƒ","PI TIMES BU ",
,"383n9(v)","آ ","325","PIأ—IB","U+12286 ً’ٹ†","PI TIMES IB ",
,"383n10(v)","آ ","326","PIأ—A","U+12280 ً’ٹ€","PI TIMES A ",
612,393,247,"327","ERIM (ZأپLAG)","U+1209F ً’‚ں","ERIN2","آ  "
614,394,371,"328","NUNUZ","U+1226D ً’‰­","NUNUZ","آ  "
578,366,369,"329","KUR","U+121B3 ً’†³","KUR","آ  "
140,84,41,"33","ZI","U+12363 ً’چ£","ZI","آ  "
119,465,361,"330","DIN","U+12077 ً’پ·","DIN","آ  "
711,472,366,"331","Eإ  (3أ—U)","U+1230D ً’Œچ","U U U","""30"" "
,,,"331B","3أ—U = 30 DMS PUA","U+E00E",,
635,397,"آ ","332","A'","U+1202A ً’€ھ","ALEPH","late variant of n636 "
636,398,280,"332B","Aل¸ھ (ل¸ھIأ—NUN) DMS SWAPPED","U+12134 ً’„´","HI TIMES NUN","آ  "
644,401,281,"333","ل¸ھAR (ل¸ھIأ—أپإ )","U+1212F ً’„¯","HI TIMES ASH2","آ  "
643,400,287,"334","BIR (ل¸ھIأ—إ E)","U+12135 ً’„µ","HI TIMES SHE","آ  "
631,396,277,"335","ل¸ھI (Dأ™G)","U+1212D ً’„­","HI","آ  "
632,396,277,"335*B","إ أپR","U+122B9 ً’ٹ¹","SHAR2","آ  "
712,473,374,"335*C","NIMIN (4أ—U)","U+1240F ً’گڈ","NUMERIC SIGN FOUR U","""40"" "
633,396,"آ ","335B","Tأچ DMS","U+12397 ً’ژ—","آ ","only Assyrian "
562,350,"آ ","336","GAإ AN","U+120FD ً’ƒ½","GASHAN","آ  "
563,"350_8","آ ","336*B","U-gunأ»/Bأ™R-gunأ»","U+12434 ً’گ´","NUMERIC SIGN ONE BURU","آ  "
,,,"336B","â€œGAإ AN+TIâ€‌ DMS PUA","U+E00A",,
641,399,297,"337","IM ","U+1214E ً’…ژ ","IM ","آ  "
579,367,378,"338","إ E","U+122BA ً’ٹ؛","SHE","آ  "
580,371,265,"339","BU (GأچD)","U+1204D ً’پچ","BU","آ  "
145,"087a",48,"34","Tأ™R (NUN.LAGAR)","U+12263 ً’‰£ & U+121EC ً’‡¬","NUN & LAGAR","آ  "
583,372,379,"340","UZ (US)","U+122BA ً’ٹ؛ & U+12137 ً’„·","SHE & HU","آ  "
584,373,266,"341","SUD (BU-gunأ»)","U+122E4 ً’‹¤","SUD","آ  "
585,374,267,"342","MUإ ","U+12232 ً’ˆ²","MUSH","آ  "
85,59,381,"343","LI","U+121F7 ً’‡·","LI","آ  "
587,375,380,"344","TIR","U+12301 ً’Œپ","TIR","آ  "
,,,"345","إ E.NAGA","U+122BA ً’ٹ؛ & U+12240 ً’‰€",,"آ  "
86,58,382,"346","TU","U+12305 ً’Œ…","TU","آ  "
714,475,376,"347","NINNU (5أ—U) DMS","U+12410 ً’گگ","NUMERIC SIGN FIVE U","""50"" "
,,,"348","ل¸ھUإ  = ل¸ھI.GأŒR DMS","U+1212D & U+1210A",,
646,403,384,"349","SUل¸ھUR","U+122E6 ً’‹¦","SUHUR","آ  "
131,77,32,"35","KUN","U+121B2 ً’†²","KUN","آ  "
292,164,388,"350","SUM","U+122E7 ً’‹§","SUM","آ  "
570,355,296,"351","LUL (NAR) DMS PUA (LUL/NAR split in Hitt)","U+E011","LUL","آ  "
293,165,377,"352","NAGA","U+12240 ً’‰€","NAGA","آ  "
541,"331e, 152iv",385,"353","SAR","U+122AC ً’ٹ¬","SAR","آ  "
261,148,386,"354","IN","U+12154 ً’…”","IN","آ  "
640,"406v1",279,"355","KAM (ل¸ھI.BAD)","آ ","آ ","n595 KAM (ل¸ھIأ—BAD) U+12130 ً’„° "
,,,"355","TUâ‚‡ DMS","U+12130","HI TIMES BAD",
748,480,390,"356","DIإ  (1)","U+12079 ً’پ¹","DISH","DIإ  ""1"", GEإ 2 ""60"" "
749,480,"آ ","356","NIGIDA (DIإ )","آ ","آ ","use U+12079 ً’پ¹ DISH "
753,532,392,"357","ME","U+12228 ً’ˆ¨","ME","""100"". Can mean priest in some cases. "
750,481,391,"358","LAL (Lأپ)","U+121F2 ً’‡²","LAL","آ  "
716,477,"آ ","359","7أ—U DMS","U+12412 ً’گ’","NUMERIC SIGN SEVEN U","""70"" "
717,478,"آ ","359B","8أ—U DMS","U+12413 ً’گ“","NUMERIC SIGN EIGHT U","""80"" "
143,87,47,"36","NUN","U+12263 ً’‰£","NUN","آ  "
754,"533, 533v1","آ ","360","MEإ ","U+1238C ً’ژŒ","MESH","""90"", plural sign "
,,,"360B","90 DMS","U+12414 ً’گ”",,
825,570,465,"361","MIN (2)","U+1222B ً’ˆ«","MIN","""2"" "
751,482,"آ ","362","LأپL (LALأ—LAL)","U+121F3 ً’‡³","LAL TIMES LAL","آ  "
,,,"363","إ URâ‚„ = LأپL.SAR DMS","U+121F3 & U+122AC","LAL TIMES LAL & SAR",
839,579,470,"364","A","U+12000 ً’€€","A","آ  "
,,,"364L","A+NA ligature DMS PUA","U+F005",,
,,,"365","أچD = A.ENGUR DMS","U+12000 & U+121C9","A & LAGAB TIMES HAL",
851,586,474,"366","ZA","U+1235D ً’چ‌","ZA","آ  "
856,589,475,"367","ل¸ھA (KU6)","U+12129 ً’„©","HA","آ  "
834,593,"Eإ 5:469","368","Eإ 5(3)","U+12408 ً’گˆ","NUMERIC SIGN THREE DISH","""3"" "
859,597,473,"369","NأچG (GAR, NINDA)","U+120FB ً’ƒ»","GAR","آ  "
118,73,23,"37","TI","U+122FE ً’‹¾","TI","آ  "
860,597,472,"370","LIMMU (""NأچG"", 4)","U+1243C ً’گ¼","NUMERIC SIGN FOUR VARIANT FORM LIMMU","""4""; variants: U+1243E ً’گ¾, U+1243F ً’گ؟ "
,,,"370*B","DMS","U+12409 ً’گ‰","NUMERIC SIGN FOUR DISH","""4"" "
861,"598a",476,"371","Iأپ (5)","U+1240A ً’گٹ","NUMERIC SIGN FIVE DISH","""5"" "
862,"598b",477,"372","أ€إ ","U+1240B ً’گ‹","NUMERIC SIGN SIX DISH","""6"" "
863,"598n1 ",478,"373","IMIN (7) ","U+12153 ً’…“ ","IMIN ","آ  "
866,"598c",478,"373*B","IMIN (7)","U+12442 ً’‘‚","NUMERIC SIGN SEVEN VARIANT FORM IMIN A","""7""; see also n863 "
,,,"373*C","DMS","U+1240C ً’گŒ","NUMERIC SIGN SEVEN DISH","""7""; see also n866 "
864,"598n2",479,"374","USSU (8)","U+1240D ً’گچ","NUMERIC SIGN EIGHT DISH","""8""; see also n867 "
867,"598d","آ ","374*B","USSU (8)","U+12444 ً’‘„","NUMERIC SIGN EIGHT VARIANT FORM USSU","""8""; see also n864 "
868,"598e",480,"375","ILIMMU (9)","U+12446 ً’‘†","NUMERIC SIGN NINE VARIANT FORM ILIMMU","""9"" "
130,76,31,"38","Mأپإ ","U+12227 ً’ˆ§","MASH2","آ  "
134,79,42,"39","NAM","U+12246 ً’‰†","NAM","آ  "
5,9,3,"4","BAL","U+12044 ً’پ„","BAL","آ  "
164,99,62,"40","EN","U+12097 ً’‚—","EN","آ  "
153,"103v",44,"41","Mأ™إ  (INANNA)","U+12239 ً’ˆ¹","MUSH3","آ  "
151,101,56,"42","SUR (إ UR)","U+122E9 ً’‹©","SUR","آ  "
111,68,60,"43","RU","U+12292 ً’ٹ’","RU","آ  "
807,535,394,"44","IB","U+12141 ً’…پ","IB","آ  "
766,494,399,"45","U8 (LAGABأ— GU4overGU4","U+121C7 ً’‡‡","LAGAB TIMES GUD PLUS GUD","Unicode: better ... GUD OVER GUD "
744,467,"إ UL:438","46","إ UL (DUN)","U+12084 ً’‚„","DUN","آ  "
815,538,447,"47","KIN","U+121A5 ً’†¥","KIN","آ  "
826,571,439,"48","إ Uإ ANA (1/3)","U+1245A ً’‘ڑ","NUMERIC SIGN ONE THIRD DISH","""1/3"" "
148,88,226,"49","KAB","U+1218F ً’†ڈ","KAB","آ  "
149,88,445,"49*B","ل¸ھأڑB","U+12138 ً’„¸","HUB2","آ  "
115,71,28,"5","إ IR ","U+122D3 ً’‹“ ","SHIR ","آ  "
150,89,446,"50","ل¸ھUB (ل¸ھأڑBأ—UD)","U+1213D ً’„½","HUB2 TIMES UD","آ  "
828,575,400,"51","UR","U+12328 ً’Œ¨","UR","آ  "
830,576,426,"52","GIDIM","U+12107 ً’„‡","GIDIM","Unicode reference glyph wrong? "
827,574,444,"53","TUK (TUG)","U+12307 ً’Œ‡","TUK","آ  "
408,252,97,"54","SILA4 (Gأپأ—PA)","U+120E2 ً’ƒ¢","GA2 TIMES PA","آ  "
801,528,408,"55","LAGABأ—NأچG","U+121C5 ً’‡…","LAGAB TIMES GAR","آ  "
387,233,93,"56","Gأپ (MAL)","U+120B7 ً’‚·","GA2","آ  "
392,237,94,"57","AMA (Gأپأ—AN)","U+120BC ً’‚¼","GA2 TIMES AN","آ  "
411,255,99,"58","أ™R (Gأپأ—NIR)","U+120E1 ً’ƒ،","GA2 TIMES NUN OVER NUN","آ  "
418,261,100,"59","أ‰SAG (Gأپ/أ‰أ—إ E) ","U+120E5 ً’ƒ¥ ","GA2 TIMES SHE ","sub MesZL 495 only أ‰.إ E, esagx "
6,10,8,"6","GأچR","U+12108 ً’„ˆ","GIR2","آ  "
7,10,8,"6*B","GأچR-gunأ»","U+12109 ً’„‰","GIR2 GUNU","آ  "
431,278,105,"60","GALGA (Gأپ/أ‰أ—NأچG) ","U+120CC ً’ƒŒ ","GA2 TIMES GAR ","آ  "
174,105,106,"61","GأپN","U+120F7 ً’ƒ·","GAN2","آ  "
818,541,398,"62","EREN (SأچG.NUN)","U+1209E ً’‚‍","EREN","آ  "
821,544,"آ ","63","إ أ‰إ  (SأچG.LAM)","U+122C1 ً’‹پ","SHESH2","آ  "
,,,"64","إ U+NأچGIN DMS PUA","U+E001",,
816,539,395,"65","SأچG / SأچK","U+122E0 ً’‹ ","SIK2","آ  "
,,,"66","SأچG+MUNUS DMS PUA","U+E002",,
136,80,61,"67","IG (GأپL)","U+12145 ً’……","IG","آ  "
567,354,225,"68","إ U","U+122D7 ً’‹—","SHU","آ  "
568,"354b","227a","68*B","KAD4","U+12192 ً’†’","KAD4","آ  "
745,468,428,"69","KUG (Kأ™)","U+121AC ً’†¬","KU3","آ  "
,,,"69L","Kأ™+BABBAR ligature DMS PUA","U+F000",,
9,12,231,"7","TAR","U+122FB ً’‹»","TAR","آ  "
571,356,228,"70","SA6","U+122B7 ً’ٹ·","SHA6 (bad!)","آ  "
166,"100; 063x",365,"71","Dأ€R","U+12070 ً’پ°","DARA3","آ  "
380,231,261,"72","NI","U+1224C ً’‰Œ","NI","BE3, DIG, I3, IA3, LE2, LI2, LID2, NE2, إ Uإ 2, ZAL, ZAR2 "
385,"229n ",262,"73","NA4 (NI.UD) ","U+1224C ً’‰Œ & U+12313 ً’Œ“ ","NI & UD ","آ  "
690,433,355,"74","NIM","U+1224F ً’‰ڈ","NIM","آ  "
379,230,260,"75","GAG (KAK)","U+12195 ً’†•","KAK","آ  "
,"231n2(v)","آ ","76","NIأ—E","U+1224D ً’‰چ","NI TIMES E","Hitt. esp. Hurr. "
437,232,263,"77","IR (GAG-gunأ»)","U+12155 ً’…•","IR","آ  "
514,330,253,"78","Lأڑ","U+121FD ً’‡½","LU2","آ  "
535,331,"021b ","79","إ Eإ  (أ™RI) ","U+122C0 ً’‹€ ","SHESH ","آ  "
10,13,9,"8","AN","U+1202D ً’€­","AN","آ  "
173,"104_6",443,"80","Aإ GAB","U+1203F ً’€؟","ASHGAB","آ  "
127,97,52,"81","AG","U+1201D ً’€‌","AK","آ  "
129,98,53,"82","Mأˆ (AGأ—ERIM)","U+1201E ً’€‍","AK TIMES ERIN2","آ  "
183,113,37,"83","DAR (Gأ™N; ل¸ھU-gunأ», SI-gunأ»)","U+1206F ً’پ¯","DAR","آ  "
20,52,334,"84","ITI (UDأ—Eإ ) ","U+12317 ً’Œ— ","UD TIMES U PLUS U PLUS U ","آ  "
162,93,302,"85","إ INIG (GAD.NAGA)","U+122D2 ً’‹’","SHINIG","آ  "
181,112,164,"86","SI","U+122DB ً’‹›","SI","Verb meaning ""to fill"", which has more active force than the intransitive verb TUإ  (to sit, dwell), having a highly ideological meaning. آ  "
201,122,50,"87","Mأپ","U+12223 ً’ˆ£","MA2",
557,348,220,"88","DUN4 (UR-gunأ»-إ،eإ،إ،ig/MIR-إ،eإ،إ،ig)","U+12088 ً’‚ˆ","DUN4","آ  "
207,123,164,"89","DIR(SI.A)","U+122DB ً’‹› & U+12000 ً’€€","SI & A","آ  "
90,56,5,"9","APIN (ENGAR)","U+12033 ً’€³","APIN","آ  "
209,124,109,"90","TAB","U+122F0 ً’‹°","TAB","""2"" "
221,126,122,"91","TAG (إ UM)","U+122F3 ً’‹³","TAG","آ  "
,"126bv",122,"91*B","TAGأ—GU4","U+122F5 ً’‹µ","TAG TIMES GUD","آ  "
,"126cv",122,"91*C","TAGأ—إ U","U+122F7 ً’‹·","TAG TIMES SHU","آ  "
,"126dv",122,"91*D","TAGأ—UD","U+122F9 ً’‹¹","TAG TIMES UD","آ  "
,"126fv",122,"91*E","TAGأ—TأڑG","U+122F8 ً’‹¸","TAG TIMES TUG2","آ  "
297,131,180,"92","AZ (PIRIGأ—ZA)","U+1228D ً’ٹچ","PIRIG TIMES ZA","آ  "
,,,"92B","PIRIG DMS","U+1228A",,
296,130,179,"93","UG (PIRIGأ—UD)","U+1228C ً’ٹŒ","PIRIG TIMES UD","آ  "
295,"131a","آ ","94","NIB (PIRIGأ—KAL)","U+1228B ً’ٹ‹","PIRIG TIMES KAL","آ  "
89,55,177,"95","LA","U+121B7 ً’†·","LA","آ  "
556,347,"219b, 219a ","96","GأچN ","U+12086 ً’‚† ","DUN3 GUNU ","Unicode names pertinent? "
223,128,125,"97","AB","U+1200A ً’€ٹ","AB","آ  "
238,134,113,"98","UM","U+1231D ً’Œ‌","UM","آ  "
242,138,"112b","99","DUB","U+1207E ً’پ¾","DUB","آ  "
836,595,"Tأ™N:401a, GأچN:401b",,"GأچN (Tأ™N)","U+12085 ً’‚…","DUN3","آ  "
,"575a",252,,"URBINGU (URoverURcrossed)","U+12329 ً’Œ©","UR CROSSING UR",
,127,109,,"4أ—TAB forming a cross","U+122F2 ً’‹²","TAB SQUARED","see MesZL n503 "
,"125a",109,,"TABoverTAB.NIoverNI.DIإ overDIإ ","U+122F1 ً’‹±","TAB OVER TAB NI OVER NI DISH OVER DISH","آ  "
,"115n2",309,,"SAGoverSAG","U+122A7 ً’ٹ§","SAG OVER SAG","آ  "
179,"108x",89,,"GUN (Gأڑ.UN)","U+12118 ً’„ک & U+12327 ً’Œ§","GU2 & UN","آ  "
,"007v",305,,"SUoverSU","U+122E2 ً’‹¢","SU OVER SU","آ  "
,"449_46",233,,"DIMSAR","U+12149 ً’…‰","IGI OVER IGI SHIR OVER SHIR UD OVER UD","آ  "
,,,,"IDIM","U+12142 ً’…‚","IDIM","آ  "
,,,,"TIL","U+12300 ً’Œ€","TIL","آ  "
,,,,"أڑإ ","U+12357 ً’چ—","USH2","آ  "
,,,,,"U+12262 ً’‰¢","NU11","آ  "
,,,,,"U+12402 ً’گ‚","NUMERIC SIGN FOUR ASH","""4"" "
,,,,,"U+12014 ً’€”","AB TIMES U PLUS U PLUS U ",
,,,,"EZEN(KEإ DA)","U+1219F ً’†ں","KESH2","آ  "
,,,,,"U+120EE ً’ƒ®","GABA","آ  "
,,,,,"U+1236B ً’چ«","ZU5","آ  "
,,,,,"U+1210F ً’„ڈ","GIR3 TIMES PA","آ  "
,,,,,"U+1224C ً’‰Œ & U+1209F ً’‚ں","NI & ERIM","آ  "
,,,,,"U+12092 ً’‚’","E2 TIMES SCHE(standard) ",
,,,,,"U+12090 ً’‚گ","E2 TIMES MI ",
,,,,,"U+120B8 ً’‚¸","E2 TIMES A PLUS HA PLUS DA(sic!) ",
,,,,,"U+1208F ً’‚ڈ","E2 TIMES GAR ",
,,,,,"U+12091 ً’‚‘","E2 TIMES SAL ",
,,,,,"U+12128 ً’„¨","GURUSH ",
,,,,,"U+1204A ً’پٹ","BI TIMES A ",
,,,,,"U+1243A ً’گ؛","NUMERIC SIGN THREE VARIANT FORM ESH16","""3"" "
,,,,,"U+1243A ً’گ؛ & U+122F0 ً’‹°","CUNEIFORM NUMERIC SIGN THREE VARIANT FORM ESH16 & TAB ",
534,"see n516 ",,,,,,
,,"021a",,,"U+12336 ً’Œ¶","URI3 ",
,,,,,"U+12369 ً’چ©","ZIZ2 ",
,,,,,"U+12473 ً’‘³","PUNCTUATION SIGN DIAGONAL TRICOLON","آ  "
,,,,,"U+12238 ً’ˆ¸","MUSH CROSSING MUSH ",
,,,,,"U+12278 ً’‰¸","NUNUZ KISIM5 TIMES BI ",
,,,,,"U+1224E ً’‰ژ","NI2 ",
,,,,,"U+1242F ً’گ¯","NUMERIC SIGN THREE SHARU VARIANT FORM ",
,,,,,"U+12089 ً’‚‰","DUR2 ",
,,,,,"U+12247 ً’‰‡","NAM2 ",
,,,,,"U+12365 ً’چ¥","ZI3 ",
,,,,,"U+12409 ً’گ‰","NUMERIC SIGN FOUR DISH","""4"" "
